"elderly_id","name","age","major_city","state","lat","lng","preferred_time_slots"
1,"Scimeca, Cassie",79,"Northfield","OH",41.31,-81.54,"Wed 6-9, Wed 9-12, Tue 9-12"
2,"Young, Andre",70,"Forest","LA",NA,NA,"Tue 3-6, Sat 9-12, Thu 9-12"
3,"Schneider, Taylor",85,"Tampa","FL",NA,NA,"Wed 6-9, Thu 12-3, Sun 9-12"
4,"Truong, Nola",86,"Milwaukee","WI",43.05,-88,"Thu 12-3, Mon 9-12"
5,"Mcknight, Sloane",90,"Lubbock","TX",NA,NA,"Sat 12-3, Mon 6-9, Sun 6-9"
6,"Vu, Leeanne",86,"Pratt","WV",38.21,-81.39,"Mon 6-9, Thu 6-9, Sun 6-9"
7,"Martinez, Katlynn",86,"Memphis","TN",NA,NA,"Fri 9-12, Sat 6-9, Fri 6-9"
8,"al-Baten, Mahdeeya",87,"Howells","NE",41.7,-97,"Fri 12-3, Wed 3-6, Wed 3-6"
9,"Lo, Kessy Bianca",72,"Lynnville","KY",NA,NA,"Sat 9-12, Sun 9-12, Sat 9-12"
10,"Barrett, Chris",82,"Watsonville","CA",36.9,-121.7,"Wed 3-6, Sat 3-6, Fri 9-12"
11,"al-Taheri, Muzaina",78,"Flagtown","NJ",40.5,-74.7,"Mon 12-3, Thu 3-6, Mon 12-3"
12,"Baca, Leo",89,"Monticello","AR",NA,NA,"Tue 9-12, Tue 9-12, Thu 9-12"
13,"Graham, Jacob",89,"Schuylerville","NY",43.1,-73.6,"Sun 9-12, Fri 9-12"
14,"Fernandez, Javante",72,"Hallieford","VA",37.497,-76.344,"Sat 9-12, Sat 9-12, Sat 6-9"
15,"al-Pasha, Zuraara",79,"Appleton","WI",NA,NA,"Thu 9-12, Mon 12-3"
16,"Fair, Venissa",65,"Greensburg","KY",37.3,-85.5,"Fri 3-6, Mon 12-3, Tue 9-12"
17,"Samuels, Bryce",71,"Guy","AR",35.33,-92.31,"Sun 9-12, Tue 6-9, Mon 6-9"
18,"Hohnstein, Jensen",76,"Calvert","AL",31.2,-88.1,"Thu 9-12, Sun 12-3"
19,"Callahan, Janetta",81,"Fort Worth","TX",32.76,-97.17,"Thu 9-12, Sun 12-3, Fri 6-9"
20,"Puryear, Markangelo",73,"Trenton","NJ",NA,NA,"Wed 3-6, Wed 12-3, Thu 9-12"
21,"Pankoski, Jacquelyn",95,"Bairoil","WY",42.1,-108,"Fri 9-12, Tue 9-12, Wed 3-6"
22,"Bonner, Cheyenne",69,"Crandall","TX",32.6,-96.4,"Sun 12-3, Wed 6-9, Fri 9-12"
23,"Zuni, Dallas",79,"Greensburg","IN",39.3,-85.5,"Fri 9-12, Tue 3-6, Fri 9-12"
24,"Phipps, Diarra",76,"Edgewood","IA",42.7,-91.4,"Mon 12-3, Sat 3-6"
25,"Zamora, Makenzie",81,"Laytonville","CA",39.8,-123.6,"Fri 12-3, Fri 9-12, Thu 9-12"
26,"Pourier, Cheyenne",92,"Charlotte","NC",NA,NA,"Tue 9-12, Sat 3-6, Sun 6-9"
27,"Proctor, Sarah",84,"Victor","WV",38.18,-81.01,"Fri 3-6, Sun 9-12, Fri 9-12"
28,"Mcgee, Dillon",76,"Steilacoom","WA",47.19,-122.65,"Sun 6-9, Fri 12-3"
29,"Clark, Nicolas",77,"Birmingham","AL",NA,NA,"Thu 9-12, Sun 3-6, Fri 9-12"
30,"Jackson, Anthony",91,"Grouse Creek","UT",41.5,-113.7,"Wed 3-6, Mon 3-6, Thu 6-9"
31,"Mahooty, Jesse",76,"Chicago","IL",NA,NA,"Thu 6-9, Sat 6-9"
32,"Moua, Kevin",72,"Holtville","CA",32.9,-115.2,"Wed 9-12, Fri 9-12"
33,"Ramirez, Karen",92,"Morgan","VT",44.89,-71.96,"Mon 3-6, Sat 9-12, Fri 12-3"
34,"Marez, Dylan",72,"New Portland","ME",NA,NA,"Tue 6-9, Thu 6-9"
35,"Traversie, Melissa",91,"Mc Henry","MD",39.55,-79.36,"Wed 9-12, Fri 9-12"
36,"Schneider, Joshua",79,"Kimmswick","MO",38.39,-90.42,"Thu 12-3, Mon 3-6, Tue 12-3"
37,"Owens, Kayla",77,"Posen","MI",45.3,-83.7,"Wed 12-3, Fri 12-3"
38,"el-Samaan, Fuaada",90,"Syracuse","NY",43.09,-76.25,"Sat 6-9, Fri 6-9, Wed 3-6"
39,"Adame Tarin, Jose",71,"Natoma","KS",39.2,-99,"Tue 6-9, Sat 6-9"
40,"Zhen, Alicia",65,"Salem","WI",42.58,-88.14,"Wed 6-9, Sat 6-9"
41,"Strong, Kristianna",82,"Dante","SD",43,-98.2,"Fri 12-3, Wed 12-3"
42,"Cameron, Sarah",67,"Philadelphia","PA",39.89,-75.24,"Thu 12-3, Mon 3-6, Sat 3-6"
43,"Fessler, Justin",88,"Atlanta","GA",33.85,-84.28,"Thu 3-6, Mon 6-9, Sat 12-3"
44,"Tagawa, Raymond",65,"Curryville","MO",39.3,-91.4,"Mon 9-12, Mon 9-12, Sat 12-3"
45,"Jiron, Keiley",82,"Hackensack","MN",46.9,-94.5,"Wed 3-6, Fri 6-9"
46,"Martinez, Amber",86,"Aquilla","TX",31.83,-97.26,"Sat 9-12, Thu 6-9, Thu 9-12"
47,"Herrera, Jeremy",88,"Watton","MI",46.5,-88.6,"Sat 6-9, Wed 9-12, Sun 6-9"
48,"Avery, Tyreik",85,"Nisula","MI",46.7,-88.9,"Tue 12-3, Tue 3-6"
49,"Barker, Simeon",83,"Andover","MA",42.65,-71.17,"Wed 9-12, Thu 6-9, Wed 6-9"
50,"Ennis, Dawna",94,"Porterfield","WI",45.2,-87.8,"Thu 6-9, Fri 9-12"
51,"Ji, Gabriel",69,"Delavan","MN",43.8,-94,"Sat 9-12, Wed 3-6, Sun 9-12"
52,"Tran, Dennis",84,"Los Angeles","CA",34.11,-118.23,"Mon 12-3, Fri 3-6"
53,"Gonzalez Sanchez, Irene",70,"Warren","NJ",40.63,-74.51,"Tue 12-3, Sun 6-9, Wed 6-9"
54,"al-Sader, Mutlaq",90,"Jackson","MS",NA,NA,"Thu 3-6, Tue 12-3, Tue 12-3"
55,"Reyes, Anthony",76,"Essex","MD",39.29,-76.44,"Sun 6-9, Tue 12-3"
56,"Lennon, Zavian",66,"Avon By The Sea","NJ",40.191,-74.017,"Tue 12-3, Sun 12-3, Mon 12-3"
57,"Taylor, Zaiasia",79,"Battle Creek","NE",42,-97.6,"Sun 3-6, Sat 12-3"
58,"Le, Krutika",78,"Point","TX",32.9,-95.9,"Wed 9-12, Mon 12-3"
59,"Huynh, Doan",85,"Clyde","TX",32.3,-99.5,"Sat 9-12, Wed 6-9, Fri 6-9"
60,"King, Brooklyn",77,"Colorado Springs","CO",NA,NA,"Sun 6-9, Thu 9-12"
61,"el-Zadeh, Shadhaa",78,"Longstreet","LA",NA,NA,"Thu 3-6, Sat 12-3, Sun 3-6"
62,"Kennedy, Markus",94,"Nashville","TN",36.2,-86.9,"Wed 3-6, Wed 12-3, Wed 9-12"
63,"Telang, Ryan",85,"Sand Lake","MI",43.3,-85.5,"Fri 9-12, Wed 9-12"
64,"al-Rahmani, Mu'mina",78,"Hammond","NY",44.5,-75.7,"Fri 3-6, Sun 3-6"
65,"Castillo, Ivan",69,"Mandeville","LA",30.4,-90.1,"Sun 6-9, Wed 9-12, Fri 9-12"
66,"Pickett Neal, Samual",93,"Marshall","WI",43.2,-89.1,"Tue 3-6, Sat 9-12"
67,"al-Amir, Maahir",83,"Dublin","PA",40.37,-75.2,"Thu 9-12, Wed 6-9, Sat 12-3"
68,"al-Mahmoud, Mahaa",66,"Oklahoma City","OK",NA,NA,"Wed 3-6, Thu 12-3, Sat 3-6"
69,"Salat, Eleslie",90,"Old Glory","TX",33.2,-100.1,"Sat 6-9, Thu 9-12"
70,"Sims, Kyran",89,"Harrisburg","PA",40.27,-76.89,"Wed 9-12, Mon 12-3, Thu 9-12"
71,"Marmolejo, Emily",82,"Silver Spring","MD",NA,NA,"Fri 12-3, Fri 6-9"
72,"el-Shehata, Shaahida",77,"Greenfield","CA",36.2,-121.4,"Wed 6-9, Tue 12-3"
73,"Jennings, Derrik",82,"Tawas City","MI",NA,NA,"Sat 12-3, Thu 12-3, Sat 9-12"
74,"Tran, Thi Mai",81,"Pope Valley","CA",38.7,-122.4,"Tue 12-3, Sat 6-9, Tue 6-9"
75,"Mckay, Bryton",66,"Raleigh","NC",35.85,-78.72,"Tue 9-12, Wed 12-3, Tue 12-3"
76,"Kurronen, Benjamin",68,"Davisville","MO",37.8,-91.2,"Thu 3-6, Fri 12-3"
77,"Stevens, Stephen",70,"El Paso","TX",NA,NA,"Fri 3-6, Mon 12-3, Thu 12-3"
78,"al-Mona, Waajida",93,"Richwood","MN",46.974,-95.818,"Fri 6-9, Mon 3-6, Tue 3-6"
79,"Busby, Chloe",72,"Palmer","IL",39.47,-89.36,"Sat 6-9, Thu 12-3"
80,"Thompson, Olivia",93,"Rio Grande","OH",38.884,-82.385,"Sun 6-9, Sun 12-3, Sat 3-6"
81,"Zahn, Raelynn",74,"Neptune Beach","FL",30.32,-81.41,"Wed 9-12, Sat 3-6, Tue 3-6"
82,"Johnson, John",71,"Harrisburg","PA",NA,NA,"Sat 9-12, Sun 9-12, Mon 9-12"
83,"Espinoza, Jame",82,"Garden Plain","KS",37.67,-97.68,"Fri 3-6, Wed 12-3, Fri 3-6"
84,"Giltner, Kiana",84,"Peru","NE",40.5,-95.8,"Tue 6-9, Thu 12-3, Fri 3-6"
85,"el-Tamer, Labeeba",72,"Le Roy","NY",43,-78,"Wed 3-6, Tue 9-12, Wed 9-12"
86,"Mansaray, Jordan",89,"Shasta Lake","CA",40.68,-122.37,"Mon 6-9, Sun 6-9"
87,"Vasquez, Amy",77,"Llano","CA",34.5,-117.8,"Sun 6-9, Wed 12-3"
88,"Barco, Angel",76,"Vineyard Haven","MA",41.41,-70.63,"Sat 6-9, Mon 9-12, Fri 9-12"
89,"Stacy, Sierra",75,"Inverness","MS",33.4,-90.6,"Wed 3-6, Tue 3-6, Fri 12-3"
90,"Sitton, Alexis",82,"Bloomington","IL",40.47,-88.96,"Sun 6-9, Mon 12-3"
91,"al-Jabbour, Maimoona",92,"Mineral Point","WI",42.8,-90.1,"Fri 3-6, Tue 9-12, Mon 9-12"
92,"Lucas, Alexander",73,"Middlefield","CT",41.52,-72.71,"Sun 6-9, Fri 3-6"
93,"al-Farra, Rawda",73,"Woosung","IL",41.905,-89.541,"Sun 12-3, Wed 9-12"
94,"Campbell, Julie",79,"Marks","MS",34.3,-90.3,"Mon 12-3, Thu 6-9"
95,"Clayton, Andrew",79,"Tipton","TN",NA,NA,"Sun 3-6, Sat 6-9, Thu 6-9"
96,"Villalba, Vincent",71,"Beecher City","IL",39.2,-88.8,"Thu 12-3, Sun 6-9"
97,"Reaves, Ezekiel",65,"Lyndhurst","VA",38,-79,"Sat 3-6, Mon 3-6"
98,"Shin, Keodara",76,"Farmington","AR",36.03,-94.27,"Mon 3-6, Sun 12-3, Mon 9-12"
99,"Moffitt, Katelyn",71,"Searcy","AR",35.2,-91.7,"Thu 9-12, Fri 3-6, Fri 9-12"
100,"Arceneaux, Liya",87,"Nunnelly","TN",35.9,-87.5,"Fri 6-9, Sun 6-9"
101,"Lopez, Travis",73,"Fort Lauderdale","FL",26.15,-80.12,"Mon 6-9, Sat 12-3"
102,"Welton, Anita",79,"Yorktown","VA",37.22,-76.53,"Tue 6-9, Fri 6-9, Sun 6-9"
103,"Holderness, Nicholas",81,"Alcoa","TN",35.8,-83.98,"Fri 3-6, Wed 12-3, Tue 6-9"
104,"Choi, Jasmine",84,"Marlin","TX",31.3,-96.8,"Fri 12-3, Wed 3-6"
105,"Bolt, Yutaro",76,"Fresno","CA",NA,NA,"Mon 3-6, Sat 6-9, Sat 12-3"
106,"Mai, Yechan",86,"Dunbridge","OH",NA,NA,"Mon 6-9, Sun 9-12"
107,"Tucker, Calais",90,"Louisville","KY",38.19,-85.71,"Fri 12-3, Sun 9-12, Fri 3-6"
108,"Martinez, Carlos",82,"Maple Plain","MN",NA,NA,"Sun 9-12, Wed 3-6, Wed 12-3"
109,"Davis, Tierra",90,"Middleburg","FL",30.1,-81.9,"Tue 12-3, Sun 3-6, Mon 12-3"
110,"Thompson, Hannah",94,"Callicoon Center","NY",41.839,-74.946,"Mon 3-6, Fri 3-6, Thu 9-12"
111,"Keuhne, Jaime",72,"New Haven","MI",42.79,-82.8,"Tue 6-9, Tue 12-3, Tue 6-9"
112,"Garcia, Perla",83,"Lake Forest","IL",42.24,-87.87,"Sun 9-12, Sun 6-9"
113,"Navant, Caleb",82,"East Quogue","NY",40.85,-72.59,"Sun 6-9, Wed 3-6, Wed 3-6"
114,"Schubert, Robert",93,"Mamou","LA",30.7,-92.5,"Thu 12-3, Fri 3-6, Sun 12-3"
115,"al-Beshara, Intisaar",73,"Martinsville","MO",40.4,-94.2,"Sat 6-9, Sun 12-3"
116,"el-Mussa, Ramziyya",91,"Dinuba","CA",36.52,-119.39,"Sat 12-3, Mon 9-12"
117,"Lopez, Malea",94,"South Windsor","CT",41.83,-72.57,"Sun 9-12, Sun 9-12, Mon 12-3"
118,"al-Qasim, Shahaama",81,"Litchfield","MN",45.1,-94.5,"Thu 6-9, Wed 6-9"
119,"Turner, Austin",81,"Stockport","IA",40.9,-91.8,"Thu 9-12, Tue 12-3, Thu 6-9"
120,"Lloyd, Tess",79,"La Grange","CA",37.7,-120.5,"Sat 6-9, Thu 3-6"
121,"Green, Sequoia",66,"San Anselmo","CA",NA,NA,"Mon 12-3, Wed 9-12"
122,"Matias, Ricardo",68,"Bannock","OH",40.1,-80.9,"Fri 12-3, Thu 9-12"
123,"Hands, Ishmael",80,"El Paso","TX",NA,NA,"Sat 12-3, Wed 9-12, Sat 3-6"
124,"Medina, Adam",66,"Trenton","NJ",40.17,-74.65,"Thu 12-3, Sun 9-12, Tue 12-3"
125,"el-Rauf, Sumaita",65,"Cable","OH",40.2,-83.6,"Tue 9-12, Thu 9-12"
126,"Anderstrom, Kaitlyn",93,"Conconully","WA",48.56,-119.751,"Fri 9-12, Thu 6-9"
127,"Chavez, Dallas",72,"Craig","AK",55.49,-133.13,"Wed 12-3, Wed 12-3, Wed 12-3"
128,"Shaw, Kaelin",87,"Gainesville","TX",NA,NA,"Wed 3-6, Mon 9-12, Sat 9-12"
129,"Beston, Andrew",74,"Pine Brook","NJ",40.86,-74.34,"Sun 6-9, Thu 6-9"
130,"Kabotie, Elias",90,"Bloomfield","KY",37.9,-85.3,"Sat 12-3, Mon 9-12, Wed 12-3"
131,"Gallegos, Sarahy",84,"Mineral","VA",38,-77.9,"Mon 9-12, Wed 12-3"
132,"Miller, Stephen",67,"Cherokee","KS",37.35,-94.85,"Fri 3-6, Wed 9-12, Wed 9-12"
133,"Moy, Channing",92,"San Bernardino","CA",NA,NA,"Tue 3-6, Sat 9-12"
134,"Rodriguez-Ramirez, Dulce",88,"Clubb","MO",37.24,-90.28,"Tue 3-6, Sun 9-12"
135,"Lopez, Heaven",66,"Grand Bay","AL",30.5,-88.3,"Sat 6-9, Mon 9-12"
136,"Naylor, Christina",79,"Carlisle","IN",39,-87.4,"Mon 12-3, Fri 3-6"
137,"el-Azzi, Jamaal",72,"Saint Matthews","SC",33.7,-80.8,"Tue 6-9, Sat 9-12, Mon 6-9"
138,"Silas, Teran",92,"Darragh","PA",40.261,-79.674,"Mon 9-12, Wed 12-3, Thu 3-6"
139,"Guerrero, Julio",76,"Denbo","PA",40.01,-79.93,"Mon 12-3, Thu 12-3"
140,"Morris, Timothy",65,"San Mateo","CA",NA,NA,"Sat 9-12, Sat 9-12, Sun 12-3"
141,"Torres Dominguez, Myriah",88,"Valley Stream","NY",40.65,-73.72,"Tue 3-6, Thu 12-3, Sun 12-3"
142,"Grate, Tiah",68,"Kenneth","MN",43.7,-96.1,"Thu 9-12, Sat 9-12"
143,"Vigil, Audrey",93,"Wheeler Army Airfield","HI",NA,NA,"Thu 9-12, Mon 6-9"
144,"el-El-Sayed, Shaheera",76,"Orem","UT",40.3,-111.66,"Tue 3-6, Fri 3-6"
145,"Chung, Christine",72,"Point Pleasant","WV",38.86,-82.07,"Tue 6-9, Sun 6-9"
146,"Martinez, Melissa",93,"Wenona","IL",41.1,-89,"Mon 12-3, Sun 9-12, Mon 12-3"
147,"Oliver, Darby",91,"Kellysville","WV",NA,NA,"Wed 6-9, Mon 3-6"
148,"Brewer, Kyler",80,"Loleta","CA",40.69,-124.22,"Tue 12-3, Mon 3-6, Thu 6-9"
149,"Broeren, Myron",71,"Bloomfield Hills","MI",NA,NA,"Wed 9-12, Sun 9-12, Mon 12-3"
150,"Sapalicio, Michaela",76,"Canon City","CO",38.5,-105.4,"Sat 3-6, Thu 9-12"
151,"Goldsberry, Josiah",93,"Roberts","MT",45.3,-109.2,"Wed 9-12, Wed 9-12"
152,"Huisarz, Lizet",65,"Warminster","PA",40.21,-75.07,"Thu 9-12, Wed 12-3"
153,"Martinez, Thalia",94,"New Providence","IA",42.3,-93.2,"Wed 12-3, Sat 3-6"
154,"Del Real, Selena",76,"Alpine","WY",43.13,-110.99,"Wed 3-6, Thu 9-12, Fri 3-6"
155,"Martinez, Nichole",77,"Rentiesville","OK",35.5227,-95.4972,"Sat 9-12, Sun 3-6, Fri 6-9"
156,"Smith, Branko",92,"Ashby","MN",46.1,-95.8,"Sat 3-6, Sun 9-12"
157,"Brown, Isabela",70,"Harvey","LA",29.87,-90.06,"Sat 3-6, Mon 9-12, Wed 3-6"
158,"Garcia, Miguel",94,"Viola","WI",43.5,-90.6,"Tue 3-6, Wed 9-12, Mon 9-12"
159,"Blake, Tyler",86,"Miami","FL",25.756,-80.441,"Tue 6-9, Tue 12-3"
160,"Galaz, Jocelyn",69,"San Juan","PR",18.47,-66.1,"Mon 12-3, Tue 12-3"
161,"Brower, Jessica",93,"Matthews","GA",33.26,-82.33,"Fri 9-12, Mon 12-3"
162,"Nguyen-Huynh, Xing",85,"Moreno Valley","CA",33.88,-117.22,"Mon 9-12, Sun 3-6"
163,"Conner, Mayo",69,"Centre","AL",34.1,-85.6,"Wed 3-6, Fri 12-3, Thu 9-12"
164,"Damiana, Elexis",94,"Sandwich","MA",41.72,-70.48,"Mon 3-6, Fri 9-12"
165,"Ramirez, Tyler",82,"Minneapolis","MN",45.05,-93.25,"Thu 3-6, Sun 12-3, Tue 9-12"
166,"Zierolf, Jacob",79,"El Paso","TX",NA,NA,"Tue 6-9, Fri 12-3"
167,"Granados, Vincent",91,"Dallas","NC",35.35,-81.18,"Fri 6-9, Tue 6-9"
168,"Schwarz, Sara",94,"Centreville","MS",31.1,-91.1,"Fri 9-12, Wed 9-12, Fri 12-3"
169,"Valentine, Nicole",70,"Eros","LA",32.4,-92.4,"Fri 6-9, Sun 12-3"
170,"Lee, Jordan",82,"Cincinnati","OH",39.22,-84.66,"Mon 9-12, Tue 12-3"
171,"Carlton, Kristen",84,"Saint Cloud","MN",NA,NA,"Mon 6-9, Wed 12-3"
172,"al-Hares, Manaahil",73,"Catawissa","MO",38.39,-90.75,"Mon 3-6, Mon 12-3"
173,"Vue, Rojan",81,"Lawn","PA",40.2,-76.4,"Sun 9-12, Sat 3-6, Sun 12-3"
174,"Keeler, Aaron",86,"Readsboro","VT",42.8,-72.98,"Sun 3-6, Fri 9-12, Mon 12-3"
175,"Daughtrey, Blair",65,"Orange","MA",42.6,-72.3,"Fri 12-3, Sun 12-3"
176,"Edwards, Kelly",75,"Los Molinos","CA",40.1,-121.8,"Wed 3-6, Mon 6-9, Sun 9-12"
177,"Sheppard, Abigail",90,"Evansville","IN",NA,NA,"Sun 9-12, Wed 12-3"
178,"al-Atallah, Abdul Ghani",72,"Atlanta","GA",33.88,-84.38,"Thu 12-3, Wed 6-9"
179,"Lang, Gary",69,"University Of Richmond","VA",37.576,-77.542,"Wed 9-12, Sun 3-6"
180,"Barnes, Daniel",84,"Berne","IN",40.7,-84.9,"Sat 3-6, Mon 9-12, Thu 12-3"
181,"Carlson, Caleb",91,"Hooversville","PA",40.16,-78.9,"Mon 3-6, Thu 9-12"
182,"al-Asad, Hudhaifa",76,"Lake Hopatcong","NJ",40.97,-74.6,"Mon 6-9, Mon 9-12"
183,"Flores, Linda",77,"Hotchkiss","CO",38.8,-107.7,"Tue 3-6, Wed 6-9"
184,"Miranda, Alexzandria",86,"Hitchcock","TX",29.3,-95,"Fri 12-3, Mon 6-9, Tue 9-12"
185,"Xatkoun, Karanveer",73,"Frankfort","OH",39.4,-83.2,"Fri 12-3, Thu 3-6, Mon 3-6"
186,"el-Rad, Rayyaan",74,"Pace","MS",33.792,-90.86,"Tue 9-12, Sat 12-3, Fri 9-12"
187,"Nelson, Joseph",75,"Scotia","CA",40.46,-124.02,"Sat 12-3, Thu 9-12"
188,"Whyte, Leona",89,"Bethel","OH",38.9,-84,"Sat 9-12, Mon 6-9, Sat 3-6"
189,"Segovia, India",91,"Monterey Park","CA",34.05,-118.15,"Tue 6-9, Thu 3-6, Wed 9-12"
190,"Roberts, Justin",77,"Spurger","TX",30.64,-94.16,"Thu 9-12, Fri 9-12, Mon 6-9"
191,"Tamburelli, Patrick",92,"Maben","WV",37.64,-81.38,"Mon 12-3, Tue 12-3, Wed 9-12"
192,"Metoyer, Jamez",85,"Chase","KS",38.4,-98.4,"Sat 12-3, Tue 6-9"
193,"Fang, Kendyl",68,"Princeton","MO",40.4,-93.6,"Mon 3-6, Mon 3-6"
194,"Bridgeman, Kennedy",91,"Camak","GA",33.452,-82.647,"Sun 9-12, Tue 12-3, Wed 3-6"
195,"Kunimune, Dulguun",85,"Mortons Gap","KY",37.3,-87.5,"Mon 6-9, Mon 12-3"
196,"Bonilla, Jenny",87,"Freeport","PA",40.72,-79.65,"Wed 3-6, Fri 6-9, Wed 12-3"
197,"el-Khalil, Saami",69,"Canaan","IN",38.89,-85.23,"Fri 6-9, Sat 9-12, Tue 3-6"
198,"Choe, Kevin",73,"Kersey","PA",41.3,-78.6,"Wed 12-3, Mon 12-3"
199,"Reichert, Cody",79,"Mexia","AL",NA,NA,"Tue 12-3, Sat 9-12"
200,"Konold, Tyler",74,"Fort Lauderdale","FL",NA,NA,"Sun 9-12, Wed 3-6, Thu 6-9"
201,"Szaraz, Leah",89,"Atlanta","GA",33.75,-84.32,"Fri 12-3, Sun 6-9"
202,"Sanders, Cassandra",93,"Harristown","IL",39.82,-89.05,"Fri 6-9, Tue 9-12"
203,"Berg, Cole",94,"Sacramento","CA",38.54,-121.39,"Tue 3-6, Sun 12-3"
204,"al-Mahfouz, Hasana",87,"Fort Lauderdale","FL",26.09,-80.15,"Sat 12-3, Sun 6-9, Sun 9-12"
205,"Garza, Caleb",80,"Fort Mitchell","AL",32.3,-85,"Sun 12-3, Sun 9-12, Thu 12-3"
206,"Root, Janelle",89,"Bethel","MN",45.39,-93.2,"Tue 3-6, Mon 12-3, Tue 9-12"
207,"Conde-Benitez, Aron",68,"Wilmer","TX",32.61,-96.67,"Wed 3-6, Sun 6-9"
208,"Salazar, Celia",80,"Elizabethtown","PA",40.2,-76.6,"Sun 9-12, Mon 12-3, Sun 12-3"
209,"Park, Mitchell",69,"Presque Isle","WI",46.2,-89.8,"Wed 3-6, Wed 12-3, Fri 9-12"
210,"Chan, Leeanne",90,"Ardmore","OK",NA,NA,"Tue 12-3, Wed 9-12, Wed 12-3"
211,"Nguyen, Yuri",94,"Paden City","WV",39.61,-80.91,"Wed 3-6, Fri 3-6"
212,"Box, Tasia",90,"Caldwell","ID",43.6,-116.7,"Fri 6-9, Wed 9-12"
213,"Nicolelli, Tristan",75,"Costilla","NM",36.9,-105.5,"Wed 12-3, Sun 3-6, Sat 9-12"
214,"Vasquez, Edgar",75,"Salem","CT",41.49,-72.27,"Fri 12-3, Mon 6-9"
215,"Harris, Sydney",93,"Somerset","KY",37.1,-84.6,"Wed 12-3, Sat 6-9"
216,"Nagashima, Gerald",95,"Oakdale","LA",30.8,-92.7,"Thu 6-9, Tue 3-6"
217,"Vargas, Dakota",79,"Lagro","IN",40.82,-85.7,"Tue 3-6, Sun 9-12"
218,"Chavez, Alexandrea",87,"Littcarr","KY",37.26,-82.96,"Sun 12-3, Mon 12-3"
219,"Pablo, Jacob",85,"Eldorado","OH",39.87,-84.68,"Fri 9-12, Wed 12-3"
220,"Her, Brandon",71,"Melville","NY",NA,NA,"Mon 3-6, Thu 12-3, Sun 12-3"
221,"el-Saeed, Ibrahim",78,"Hardwick","VT",44.5,-72.3,"Thu 6-9, Tue 9-12, Tue 6-9"
222,"Smith, Brandon",77,"Montgomery","AL",NA,NA,"Wed 9-12, Sun 3-6, Wed 6-9"
223,"Wang, Paige",92,"Westboro","WI",45.3,-90.4,"Wed 3-6, Thu 3-6"
224,"Miles, Delilah",88,"Arlington Heights","IL",42.06,-87.98,"Thu 12-3, Sun 12-3"
225,"Gary, Anderson",83,"Breinigsville","PA",40.55,-75.66,"Thu 9-12, Sun 3-6"
226,"Newberry, Anthony",75,"Riverside","UT",41.792,-112.151,"Mon 12-3, Fri 12-3, Sun 6-9"
227,"Balagat, Alex",78,"New Manchester","WV",40.535,-80.57,"Fri 6-9, Mon 3-6, Mon 12-3"
228,"Pham, Daniel",73,"Vienna","ME",44.55,-70,"Wed 9-12, Sun 9-12"
229,"Montano, Ashley",73,"Las Vegas","NV",NA,NA,"Fri 12-3, Sat 6-9, Mon 12-3"
230,"el-Hamad, Daamir",68,"Roswell","NM",33.2,-104.7,"Tue 12-3, Thu 6-9, Mon 6-9"
231,"Muckom, Muhammad",88,"Lorain","OH",41.43,-82.22,"Sun 6-9, Mon 12-3, Wed 9-12"
232,"Frazier, Wheeler",85,"East Aurora","NY",42.8,-78.6,"Sun 9-12, Sun 6-9"
233,"Smith, Karissa",81,"Barney","ND",46.3,-97,"Wed 6-9, Thu 9-12"
234,"Upchurch, Sedrick",71,"North Sioux City","SD",42.6,-96.6,"Mon 6-9, Tue 12-3, Fri 6-9"
235,"Ruano Favela, Brenda",86,"Las Vegas","NV",NA,NA,"Thu 9-12, Sun 12-3"
236,"Picard, Jack",68,"Wheeler","MS",NA,NA,"Thu 9-12, Tue 12-3"
237,"Aguilar, Christian",95,"Marshall","ND",NA,NA,"Mon 12-3, Wed 12-3"
238,"Lo, Brandon",83,"Benton Ridge","OH",41.003,-83.795,"Wed 9-12, Thu 9-12, Thu 6-9"
239,"el-Ali, Mubashshir",67,"Bethlehem","NH",44.2,-71.6,"Sun 6-9, Wed 3-6"
240,"Fahoury, Steven",87,"Wayne","PA",NA,NA,"Wed 9-12, Tue 9-12, Sun 12-3"
241,"Nguyen, Matthew",67,"Buffalo","NY",42.91,-78.82,"Mon 9-12, Tue 12-3, Fri 9-12"
242,"el-Munir, Widdad",86,"Ten Mile","TN",35.7,-84.7,"Fri 12-3, Wed 6-9, Wed 6-9"
243,"James, Alexis",80,"Reserve","MT",48.6,-104.8,"Thu 3-6, Mon 3-6"
244,"el-Hadi, Mufliha",75,"New Sweden","ME",46.98,-68.12,"Wed 12-3, Thu 6-9, Sat 9-12"
245,"Bolyard, Alejandro",68,"Chadds Ford","PA",39.86,-75.6,"Sun 12-3, Sat 12-3, Wed 3-6"
246,"Hernandez, Lorena",90,"Hazlehurst","MS",31.8,-90.4,"Sun 3-6, Sat 9-12, Wed 9-12"
247,"Mclaughlin, Karl",82,"Spartanburg","SC",NA,NA,"Thu 12-3, Mon 6-9, Tue 12-3"
248,"Wilson, Aaliyah",78,"Timberville","VA",38.66,-78.76,"Thu 9-12, Sun 3-6, Mon 9-12"
249,"Gip, Sanjana",82,"Saint Augustine","FL",30,-81.41,"Sun 6-9, Sat 9-12"
250,"Zhang, Brandon",71,"Fairmont","WV",NA,NA,"Sun 3-6, Wed 12-3, Fri 12-3"
251,"Tannahill, Kierra",65,"Rochelle","VA",38.29,-78.28,"Sun 9-12, Mon 3-6, Wed 3-6"
252,"Lu, John",89,"Bigelow","MN",43.54,-95.67,"Mon 9-12, Wed 6-9, Wed 12-3"
253,"Mayberry, Thomas",85,"New York","NY",40.761,-73.978,"Sun 6-9, Fri 6-9, Tue 9-12"
254,"Rico, Ridge Hunter",93,"Deweese","NE",40.4,-98.2,"Thu 3-6, Wed 3-6, Tue 9-12"
255,"Carey, Sage",76,"Labelle","FL",NA,NA,"Fri 9-12, Wed 6-9"
256,"Ingram, Bravion",79,"Fort Worth","TX",32.78,-97.39,"Wed 3-6, Wed 12-3, Thu 3-6"
257,"Lopez, Ethan",78,"Mayersville","MS",32.7,-91,"Wed 3-6, Thu 6-9"
258,"Yang, Laurie",91,"Camargo","IL",39.79,-88.14,"Sat 9-12, Wed 3-6"
259,"Cerqueira, Craig",70,"Englewood","FL",26.91,-82.3,"Sun 3-6, Mon 6-9, Wed 6-9"
260,"al-Shehadeh, Mustaba",94,"Charlotte","NC",NA,NA,"Fri 9-12, Mon 6-9"
261,"Santistevan, Keauna",82,"Manton","CA",40.4,-121.8,"Wed 9-12, Wed 3-6"
262,"Smith, Sakou",90,"Rancho Cucamonga","CA",34.1,-117.58,"Mon 6-9, Thu 6-9, Sun 3-6"
263,"Bernal, Courtney",89,"Keene","NH",43,-72.3,"Tue 12-3, Sun 3-6, Fri 3-6"
264,"Landin, Macy",76,"New Haven","KY",37.7,-85.6,"Sun 6-9, Wed 9-12, Mon 9-12"
265,"Beaton, Aliya",66,"Readstown","WI",43.46,-90.76,"Fri 3-6, Thu 9-12"
266,"Musa, Aquasia",95,"Greenville","PA",41.4,-80.4,"Mon 6-9, Wed 6-9, Fri 3-6"
267,"al-Diab, Muzaina",73,"Headrick","OK",34.6,-99.1,"Thu 3-6, Sun 9-12"
268,"Debramaletta, Jocelyn",78,"Bucklin","MO",39.8,-92.9,"Sat 12-3, Wed 3-6"
269,"Dincola, Kyle",94,"Ferrum","VA",36.9,-80.1,"Tue 12-3, Mon 12-3"
270,"Chen, Cheyenne",77,"Florence","SC",NA,NA,"Sat 9-12, Sun 3-6"
271,"Cook, Roque",76,"Eagleville","MO",40.5,-94,"Tue 6-9, Sun 6-9"
272,"Santillano, Erik",87,"Fanwood","NJ",40.64,-74.39,"Mon 6-9, Wed 9-12, Fri 12-3"
273,"Guion, Noah",85,"Six Mile","SC",34.84,-82.83,"Fri 12-3, Fri 9-12"
274,"Deherrera, Veronica",75,"Durham","NC",NA,NA,"Sun 12-3, Tue 9-12"
275,"Funke, Emil",81,"Richmond","VA",NA,NA,"Tue 3-6, Wed 12-3, Mon 9-12"
276,"Carrillo-Loera, Timothy",90,"Otoe","NE",40.73,-96.09,"Tue 12-3, Sun 12-3, Sun 12-3"
277,"Allen, Rashawna",67,"Biloxi","MS",30.41,-88.92,"Mon 9-12, Wed 12-3"
278,"el-Mahmud, Suhaila",90,"Milan","TN",35.9,-88.8,"Sat 3-6, Sun 3-6, Tue 3-6"
279,"el-Sarwar, Miqdaad",82,"Hyampom","CA",40.7,-123.4,"Sun 6-9, Sat 3-6, Sun 12-3"
280,"el-Jaber, Faraj",85,"Smoketown","PA",40.037,-76.197,"Tue 9-12, Wed 3-6, Sat 12-3"
281,"Chu, Karen",72,"Fresno","CA",36.75,-119.79,"Sat 9-12, Wed 12-3, Thu 12-3"
282,"al-Dib, Shabaan",91,"Hartford","AL",31.1,-85.7,"Wed 12-3, Wed 6-9"
283,"Henry, Joshua",95,"Reserve","NM",33.7,-108.7,"Fri 3-6, Thu 9-12, Wed 12-3"
284,"Korth, Keifer",93,"Mc Connellsburg","PA",40,-78,"Sun 12-3, Sun 9-12, Mon 9-12"
285,"Barda, Ashley",74,"Ludlow","CA",34.8,-116.5,"Sun 9-12, Tue 6-9"
286,"Salazar, Doiminique",94,"New Haven","CT",NA,NA,"Sat 6-9, Thu 12-3"
287,"Milan, Mallika",86,"Jamestown","SC",33.2,-79.6,"Mon 6-9, Thu 3-6"
288,"Valentine, Kylie",82,"Santa Rita Park","CA",NA,NA,"Fri 12-3, Thu 6-9, Thu 9-12"
289,"Viruet, Jared",77,"Northern Cambria","PA",40.63,-78.83,"Fri 12-3, Wed 3-6, Fri 3-6"
290,"Kirby, Wyatt",84,"Des Moines","IA",NA,NA,"Thu 6-9, Sat 12-3"
291,"Begay, Breston",80,"Naples","FL",26.1,-81.5,"Wed 6-9, Sun 3-6"
292,"Cisneros-Meier, Isabela",84,"Shreveport","LA",NA,NA,"Sun 6-9, Sun 12-3"
293,"al-Shaker, Imtinaan",91,"Moyers","OK",34.4,-95.7,"Sat 9-12, Mon 6-9"
294,"Thao, Ashley",70,"Wapella","IL",40.2,-88.9,"Fri 3-6, Fri 9-12"
295,"Trimble, Joseph",95,"Phoenix","AZ",33.51,-112.12,"Sat 9-12, Wed 3-6"
296,"Jefferson, Ronald",76,"Mount Orab","OH",39.1,-83.9,"Thu 9-12, Tue 6-9"
297,"Roybal, Luis",65,"Crown Point","IN",41.4,-87.3,"Tue 3-6, Tue 12-3, Fri 3-6"
298,"Ahmed, Treivonne",82,"Palestine","TX",NA,NA,"Sat 6-9, Thu 3-6"
299,"Flinn, Anne",85,"Spruce Creek","PA",40.65,-78.08,"Sat 6-9, Mon 3-6"
300,"Kodama, Jenny",82,"Dayton","OH",NA,NA,"Thu 6-9, Tue 12-3"
301,"Archuleta, Shawnia",68,"Fedscreek","KY",37.41,-82.23,"Wed 3-6, Mon 6-9"
302,"Scharig, Sabrina",76,"Atlanta","GA",33.7,-84.38,"Tue 3-6, Mon 3-6, Fri 9-12"
303,"Bennett, Shayla",89,"Paterson","NJ",40.91,-74.17,"Sun 9-12, Fri 9-12"
304,"Warszawski, Tyler",88,"Houston","TX",NA,NA,"Fri 3-6, Thu 3-6"
305,"Denny, Carmen",92,"Memphis","TN",35.08,-89.84,"Mon 9-12, Mon 6-9"
306,"Chang, Sebastian",71,"Londonderry","VT",43.24,-72.8,"Mon 6-9, Fri 12-3"
307,"Washburn, Marcus",92,"Renick","WV",38,-80.2,"Fri 6-9, Tue 6-9"
308,"Sanchez, Ciarra",86,"Warwick","RI",41.75,-71.41,"Mon 6-9, Fri 9-12, Wed 3-6"
309,"Zhu, Charlie",86,"Lawrence","KS",38.98,-95.36,"Wed 6-9, Thu 3-6"
310,"Alcala, Brieann",90,"Red Oak","VA",36.8,-78.6,"Sat 3-6, Wed 9-12"
311,"Clark, Ethan",85,"Hellertown","PA",40.59,-75.3,"Sun 6-9, Sun 6-9"
312,"Posey, Jacob",76,"Greenwood","ME",44.34,-70.67,"Fri 3-6, Thu 3-6"
313,"Simpson, Tyler",84,"Hughes Springs","TX",33,-94.6,"Thu 6-9, Fri 9-12"
314,"Garza, Jesus",83,"Crystal","MI",43.27,-84.9,"Sun 9-12, Sun 6-9"
315,"Roberts, Carle Je",75,"Sulphur","LA",30.3,-93.4,"Tue 3-6, Wed 3-6, Mon 12-3"
316,"Herron, Jendajia",70,"Climax","CO",NA,NA,"Thu 9-12, Sat 12-3, Tue 9-12"
317,"el-Bagheri, Samir",93,"Dallas Center","IA",41.7,-93.9,"Sun 6-9, Sat 6-9"
318,"Caffery, Sylvia",74,"Mesquite","NV",36.4,-114.3,"Fri 3-6, Sun 6-9, Wed 3-6"
319,"Watts, David",91,"Cincinnati","OH",39.12,-84.33,"Thu 6-9, Fri 6-9, Mon 12-3"
320,"el-Sahli, Baheej",94,"Akron","OH",41.08,-81.58,"Wed 3-6, Tue 12-3"
321,"Weber, Hunter",90,"Fresno","CA",NA,NA,"Mon 3-6, Thu 6-9, Thu 3-6"
322,"Mannino, Benjamin",78,"Libertyville","IL",42.29,-87.96,"Fri 3-6, Sat 9-12, Tue 12-3"
323,"Rivera, Isaiah",66,"Langhorne","PA",40.18,-74.89,"Fri 3-6, Tue 12-3, Sat 3-6"
324,"Mendoza, Iliana",88,"Brunswick","GA",31.1,-81.5,"Tue 6-9, Fri 9-12, Mon 3-6"
325,"Camara, Lily",82,"Tyrone","OK",36.95,-101.03,"Thu 3-6, Fri 12-3"
326,"Jackson, Javonte",78,"Haddock","GA",33.1,-83.5,"Wed 12-3, Wed 6-9, Sun 3-6"
327,"Melott, Kenyetta",94,"Portland","OR",NA,NA,"Tue 9-12, Sat 6-9"
328,"Carter, Devante",95,"Tacoma","WA",NA,NA,"Wed 3-6, Sun 3-6, Sun 9-12"
329,"el-Rahaman, Daawood",87,"Portland","CT",41.6,-72.6,"Wed 12-3, Sun 6-9"
330,"al-Salahuddin, Aseela",91,"Washington","DC",NA,NA,"Sat 9-12, Tue 3-6, Fri 3-6"
331,"Escalante, Joaquin",72,"Tangent","OR",44.53,-123.08,"Fri 3-6, Tue 6-9, Mon 12-3"
332,"Sanchez, Sandra",72,"Cordova","TN",NA,NA,"Sun 9-12, Thu 3-6, Mon 6-9"
333,"Aguirre, Cheylese",91,"Eminence","KY",38.37,-85.17,"Wed 12-3, Sun 9-12"
334,"Richardson, Zhjade",68,"Hopeton","OK",36.66,-98.6,"Thu 9-12, Sat 12-3"
335,"Barrett, Troy",90,"Mesilla Park","NM",32.21,-106.71,"Mon 6-9, Sat 3-6"
336,"Kiatoukaysy, Ricky",89,"Lancaster","PA",NA,NA,"Mon 9-12, Sat 3-6, Tue 6-9"
337,"al-Majid, Siraaj",77,"Portland","OR",45.51,-122.69,"Sat 6-9, Wed 3-6"
338,"al-Baig, Badri",79,"Trumbull","CT",41.26,-73.21,"Wed 3-6, Mon 12-3, Fri 3-6"
339,"el-Muhammad, Mufeeda",72,"Escondido","CA",33.2,-117.1,"Mon 9-12, Mon 9-12, Thu 3-6"
340,"al-Hameed, Abdur Razzaaq",79,"Fish Creek","WI",45.1,-87.3,"Mon 3-6, Thu 9-12, Mon 9-12"
341,"Hickam, Nathaniel",90,"Bath","SD",45.5,-98.3,"Thu 9-12, Thu 9-12, Mon 12-3"
342,"Rivera, Selena",95,"Tulsa","OK",NA,NA,"Thu 12-3, Sat 3-6, Wed 3-6"
343,"Griego, Ryan",88,"Itasca","TX",32.2,-97.1,"Thu 6-9, Mon 3-6"
344,"el-Agha, Dhaki",90,"Passaic","NJ",40.86,-74.13,"Wed 9-12, Sat 3-6, Mon 6-9"
345,"el-Karim, Jeelaan",78,"Buttonwillow","CA",35.4,-119.4,"Tue 6-9, Mon 3-6"
346,"Schultz, Jessica",86,"Grand Isle","ME",47.27,-68.11,"Wed 6-9, Fri 9-12"
347,"Aragon, Moises",94,"Dolgeville","NY",43.1,-74.7,"Thu 9-12, Wed 3-6, Tue 3-6"
348,"Grimes, Ryan",69,"Corpus Christi","TX",27.75,-97.44,"Fri 6-9, Fri 12-3"
349,"al-Rasul, Basheer",85,"Marysville","IN",38.6,-85.6,"Sun 6-9, Thu 9-12, Fri 3-6"
350,"White, Simcha",85,"Ridley Park","PA",39.88,-75.32,"Fri 12-3, Thu 3-6, Fri 9-12"
351,"Post, Rocky",66,"Stoutsville","OH",39.61,-82.83,"Sun 12-3, Thu 9-12, Tue 9-12"
352,"Olivas, Juan",67,"Ossian","IA",43.1,-91.7,"Fri 9-12, Thu 3-6, Sun 3-6"
353,"Weaks, Alexus",84,"Inglewood","CA",NA,NA,"Sat 9-12, Sat 9-12, Sun 6-9"
354,"Wong, Justin",75,"Clinton Corners","NY",41.88,-73.76,"Tue 6-9, Tue 3-6"
355,"Israel, Bryce",90,"Cabin Creek","WV",38.1,-81.5,"Sun 3-6, Tue 3-6, Fri 3-6"
356,"Hammon, Scott",75,"Massillon","OH",NA,NA,"Sat 12-3, Thu 6-9, Sat 9-12"
357,"May, Austin",69,"Sayreville","NJ",NA,NA,"Mon 6-9, Mon 9-12"
358,"Grainda, Richard",94,"Sedgwick","AR",NA,NA,"Mon 9-12, Mon 3-6, Sun 9-12"
359,"Corning, Michelle",85,"Alhambra","CA",NA,NA,"Mon 3-6, Sat 9-12, Mon 9-12"
360,"Picazo, Alondra",74,"Biggs","CA",39.42,-121.67,"Sat 12-3, Fri 3-6"
361,"Zotto, Brytani",88,"Statenville","GA",30.7,-82.9,"Mon 12-3, Sat 12-3, Thu 9-12"
362,"Sanchez, Micheal",72,"Wilmington","DE",39.78,-75.5,"Mon 3-6, Sat 12-3"
363,"Wilson, Caleb",71,"Falls City","OR",44.9,-123.6,"Fri 6-9, Sat 3-6"
364,"Schneider, Kallie",72,"Myton","UT",40,-110.1,"Wed 6-9, Tue 3-6"
365,"Siguenza, Gabriel",93,"Columbus","OH",39.96,-83.14,"Thu 12-3, Wed 3-6"
366,"al-Quadri, Izzat",70,"Tacoma","WA",47.09,-122.57,"Tue 12-3, Mon 12-3"
367,"Yates, Edwina",87,"High Point","NC",35.91,-79.95,"Tue 6-9, Thu 3-6"
368,"Plunkett-Eliott, Christopher",87,"Key West","FL",NA,NA,"Wed 3-6, Tue 3-6, Mon 6-9"
369,"Nguyen, Benjamin",86,"Kinston","NC",NA,NA,"Sun 3-6, Wed 3-6"
370,"Cleavenger, Eric",93,"Yulan","NY",41.523,-74.94,"Thu 9-12, Tue 9-12, Sun 9-12"
371,"Farris, Joseph",78,"Brea","CA",33.93,-117.89,"Wed 3-6, Mon 3-6, Thu 6-9"
372,"Payton, Kelsey",95,"Cranberry Twp","PA",40.71,-80.1,"Mon 3-6, Wed 12-3, Mon 9-12"
373,"el-Vaziri, Khaleefa",87,"Eatonton","GA",NA,NA,"Mon 9-12, Thu 9-12, Sat 12-3"
374,"Campbell, Simran",74,"Pompton Plains","NJ",40.97,-74.3,"Fri 9-12, Tue 12-3, Thu 6-9"
375,"Amin, Chanon",92,"Lamont","KS",NA,NA,"Thu 9-12, Fri 6-9"
376,"Wright, X'Zavion",94,"Martins Ferry","OH",40.12,-80.76,"Fri 3-6, Mon 12-3, Wed 9-12"
377,"Acker, Ian",81,"Atascadero","CA",35.5,-120.7,"Sat 3-6, Tue 6-9, Sun 6-9"
378,"Boyd, Andrew",89,"Model City","NY",NA,NA,"Fri 12-3, Tue 3-6, Sat 12-3"
379,"Castro, Mario",91,"Colony","OK",35.33,-98.68,"Sun 9-12, Mon 12-3, Thu 3-6"
380,"Ware, Shantrel",75,"Limington","ME",43.7,-70.7,"Thu 12-3, Sun 12-3, Wed 12-3"
381,"el-Abdallah, Lubaaba",89,"La Puente","CA",34.03,-117.93,"Sun 12-3, Wed 9-12"
382,"Smothers, Mollie",76,"Pawnee City","NE",40.1,-96.1,"Sun 3-6, Wed 6-9, Fri 3-6"
383,"Chadwick, Nicholas",86,"Pottersdale","PA",41.2,-78,"Sat 3-6, Tue 3-6, Thu 12-3"
384,"Guss, Jasmine",65,"Wesson","MS",31.7,-90.4,"Thu 12-3, Wed 9-12"
385,"Cox, Steven",70,"Gully","MN",47.8,-95.6,"Sat 12-3, Tue 6-9"
386,"Tarnaski, Jessica",70,"San Anselmo","CA",NA,NA,"Sat 3-6, Sat 3-6"
387,"Sianez-Parra, Alexander",71,"Bedias","TX",30.7,-95.9,"Fri 3-6, Sat 12-3, Thu 6-9"
388,"Doan, Samantha",77,"San Juan Bautista","CA",36.8,-121.5,"Mon 12-3, Thu 3-6, Thu 12-3"
389,"Henry, Jacob",92,"Chula Vista","CA",NA,NA,"Wed 6-9, Thu 6-9, Fri 12-3"
390,"Blazer, Abygail",93,"Dallas","TX",NA,NA,"Fri 12-3, Tue 9-12, Fri 9-12"
391,"Dittloff, Russell",81,"Olyphant","PA",41.52,-75.62,"Mon 12-3, Wed 12-3, Sat 6-9"
392,"Goodbear, Jamice",88,"Pine Bluffs","WY",41.3,-104.2,"Mon 3-6, Thu 9-12, Fri 6-9"
393,"Jensen, Isaac",67,"Wheat Ridge","CO",NA,NA,"Mon 9-12, Wed 9-12"
394,"Laping, Michelle",70,"Columbus","IN",39.2,-86,"Mon 9-12, Sun 12-3"
395,"Martinez, Adrian",83,"Pryor","OK",NA,NA,"Wed 9-12, Wed 6-9, Tue 6-9"
396,"Gardner, Jonathan",87,"Lamont","OK",36.69,-97.54,"Tue 6-9, Thu 9-12, Mon 3-6"
397,"el-Ishak, Kameel",75,"Thomasville","GA",30.9,-83.9,"Thu 9-12, Mon 6-9, Wed 9-12"
398,"Ngo, Nkaujiaong",68,"Brushton","NY",44.8,-74.5,"Mon 3-6, Tue 3-6, Mon 3-6"
399,"Wanberg, Lorraine",78,"El Paso","TX",NA,NA,"Mon 12-3, Mon 3-6"
400,"Henderson, Natalya",75,"Coalgood","KY",36.81,-83.25,"Sun 3-6, Wed 6-9"
401,"Jimmerson, Justice",95,"New Haven","CT",NA,NA,"Sun 12-3, Wed 9-12"
402,"el-Hashmi, Rafeeqa",65,"Panaca","NV",37.7,-114.3,"Sat 12-3, Sun 9-12"
403,"el-Mitri, Munisa",88,"Frankenmuth","MI",43.36,-83.74,"Sat 6-9, Thu 6-9"
404,"Bendik, Lindsey",69,"Baggs","WY",41.1,-107.7,"Wed 3-6, Wed 12-3"
405,"Costello, Stephen",88,"Sioux Falls","SD",NA,NA,"Sun 12-3, Mon 12-3, Thu 9-12"
406,"Rihel, Serena",66,"Amarillo","TX",35.21,-101.89,"Mon 6-9, Thu 9-12, Wed 12-3"
407,"Campbell, Jesse",82,"Ponderosa","NM",35.7,-106.6,"Wed 9-12, Thu 9-12, Mon 6-9"
408,"Colson, Darius",66,"Burlington","VT",44.48,-73.2,"Wed 3-6, Sat 6-9"
409,"Legarde, Samantha",83,"San Antonio","TX",29.34,-98.57,"Mon 6-9, Mon 6-9, Mon 3-6"
410,"Hopp, Andrew",89,"Citrus Heights","CA",NA,NA,"Sat 6-9, Thu 6-9"
411,"Penn, Shequan",94,"Yanceyville","NC",36.4,-79.3,"Tue 3-6, Tue 6-9, Sun 3-6"
412,"Compton, Taylor",89,"Whitewater","MO",37.3,-89.8,"Sat 9-12, Sat 9-12, Tue 12-3"
413,"al-Emami, Taahir",89,"Salem","OR",NA,NA,"Wed 12-3, Thu 6-9, Fri 9-12"
414,"Dubeau, Mariah",83,"Stockton","UT",40.2,-112.3,"Tue 12-3, Thu 6-9"
415,"Malhotra, Colette",90,"Bloomingdale","IN",39.84,-87.27,"Tue 9-12, Sun 3-6"
416,"Solis Santillano, Anthony",85,"Columbia Station","OH",41.31,-81.95,"Sun 9-12, Wed 12-3, Thu 12-3"
417,"el-Hares, Ibrahim",95,"Sioux Falls","SD",NA,NA,"Thu 3-6, Mon 9-12"
418,"el-Jabour, Sireen",87,"Saulsville","WV",37.7,-81.5,"Sat 3-6, Fri 6-9, Mon 9-12"
419,"Brown, Kristin",65,"Holcombe","WI",45.3,-91.1,"Fri 3-6, Fri 6-9, Sat 6-9"
420,"Kodama, Samantha",65,"Parkston","SD",43.4,-98,"Tue 3-6, Mon 6-9, Tue 12-3"
421,"Bernard, Matthew",81,"Macedon","NY",43.1,-77.3,"Mon 6-9, Mon 3-6"
422,"Tran, Emilia",83,"Mackay","ID",43.9,-113.9,"Thu 12-3, Sun 3-6"
423,"Machin, Wyatt",73,"Pekin","IN",38.5,-86,"Tue 12-3, Sun 9-12"
424,"Sandoval, Estephan",88,"Quincy","MA",42.24,-71.01,"Sat 3-6, Fri 6-9"
425,"Lariz, Derek",77,"Pepin","WI",44.5,-92.1,"Mon 3-6, Wed 12-3, Thu 9-12"
426,"Fu, Pao",82,"Coolidge","GA",31.01,-83.87,"Sat 12-3, Tue 3-6"
427,"Giron Lovato, Tre",77,"Steamburg","NY",42.107,-78.901,"Tue 12-3, Thu 9-12, Fri 12-3"
428,"Dysart, Danait",92,"Los Angeles","CA",34.06,-118.24,"Thu 6-9, Sat 9-12, Mon 3-6"
429,"Hall Edmond, Ta",85,"Andreas","PA",40.74,-75.82,"Tue 3-6, Fri 3-6, Wed 6-9"
430,"Garcia, Brandy",82,"Akron","NY",43,-78.5,"Wed 6-9, Sun 12-3"
431,"Jones, Sammie",79,"Arcola","PA",NA,NA,"Wed 9-12, Thu 12-3"
432,"al-Zahra, Miska",66,"Pekin","IL",NA,NA,"Thu 9-12, Wed 9-12"
433,"Stonewall, Thien",76,"Ballwin","MO",38.61,-90.56,"Tue 6-9, Thu 9-12, Sun 3-6"
434,"Nanez, Aileen",72,"Barnesville","OH",40,-81.2,"Sun 9-12, Tue 3-6, Sun 3-6"
435,"Liam, Paul",95,"South Heights","PA",40.575,-80.235,"Mon 9-12, Wed 3-6"
436,"Mam, Ashley",72,"Brooklyn","NY",40.62,-73.99,"Sun 6-9, Sun 9-12, Fri 3-6"
437,"Williams, Ashton",91,"New Eagle","PA",40.21,-79.96,"Sun 3-6, Sat 12-3"
438,"Stark, Courtney",78,"Knoxville","IA",41.3,-93.1,"Fri 12-3, Mon 6-9"
439,"Nichols, Cody",71,"Bergheim","TX",29.86,-98.53,"Sun 12-3, Tue 6-9, Sun 12-3"
440,"Lee, Quentin",79,"Azalea","OR",42.8,-123.1,"Fri 12-3, Mon 12-3"
441,"al-Rayes, Wafaaa",93,"Christiansburg","VA",37.1,-80.4,"Thu 6-9, Mon 9-12"
442,"al-Hana, Rif'a",72,"Leavenworth","WA",47.7,-120.8,"Sat 6-9, Wed 6-9"
443,"Fukumoto, Anthony",72,"Montgomery","AL",NA,NA,"Fri 3-6, Thu 6-9"
444,"Nguyen, Marcus",69,"El Paso","TX",NA,NA,"Wed 3-6, Wed 9-12, Sun 12-3"
445,"Porambo, Michelle",87,"Buffalo","NY",42.93,-78.75,"Thu 6-9, Thu 3-6, Fri 12-3"
446,"Yu, Brandon",89,"Godley","TX",32.4,-97.5,"Fri 6-9, Thu 9-12, Mon 12-3"
447,"Tran, Carly",77,"Torrington","WY",42.2,-104.2,"Wed 12-3, Tue 6-9"
448,"Martinez, Charisha",66,"Big Rock","TN",36.6,-87.7,"Sat 9-12, Wed 9-12"
449,"Rosen, Ashley",89,"Dolgeville","NY",43.1,-74.7,"Thu 9-12, Mon 12-3, Sun 9-12"
450,"el-Gaber, Tahiyya",87,"Yampa","CO",40.153,-106.908,"Thu 3-6, Tue 9-12, Fri 3-6"
451,"Than, Matthew",88,"Elgin","IL",42.04,-88.41,"Sun 6-9, Tue 3-6"
452,"Flakes, Trevahn",92,"Parsippany","NJ",40.86,-74.4,"Wed 12-3, Sat 9-12, Fri 9-12"
453,"el-Masih, Aseela",78,"White River Junction","VT",NA,NA,"Sat 6-9, Sat 3-6, Mon 6-9"
454,"Wright, Romin",84,"Fort Lauderdale","FL",NA,NA,"Mon 12-3, Thu 6-9, Wed 3-6"
455,"Laughlin, Sergio",67,"Listie","PA",NA,NA,"Wed 12-3, Sat 6-9"
456,"Hammond, Madeline",87,"Willisville","AR",NA,NA,"Fri 6-9, Tue 12-3, Sun 3-6"
457,"Flores, Nichole",75,"Spindale","NC",35.36,-81.93,"Thu 6-9, Tue 3-6"
458,"Ramirez, Maria",91,"Ola","AR",35,-93.2,"Fri 12-3, Fri 3-6, Thu 3-6"
459,"al-Ghazi, Wajeeha",78,"Jasper","OH",39,-83.1,"Sun 3-6, Tue 12-3"
460,"el-Wahba, Shakeel",85,"Cranberry","PA",41.32,-79.64,"Tue 6-9, Thu 12-3"
461,"Hernandez, Nicholas",66,"Huntington Beach","CA",33.72,-118.05,"Mon 6-9, Sun 12-3"
462,"al-Radi, Raafida",91,"El Paso","TX",NA,NA,"Sun 9-12, Fri 3-6, Sun 3-6"
463,"el-Ashraf, Nooriyya",89,"Cadiz","OH",40.3,-81,"Wed 6-9, Wed 12-3"
464,"Parsons, Jaylen",79,"York Springs","PA",40.01,-77.09,"Tue 12-3, Wed 6-9, Thu 6-9"
465,"el-Muhammed, Sabeeha",84,"Hanna City","IL",40.68,-89.79,"Fri 9-12, Sun 12-3, Fri 6-9"
466,"el-Mohammad, Fahmi",90,"Rome","IL",40.9,-89.5,"Tue 12-3, Wed 3-6, Mon 6-9"
467,"Spicer, Aguedo",81,"Johnson City","TN",36.303,-82.367,"Sun 3-6, Fri 12-3"
468,"Granillo, Hali",79,"Gibson","MO",36.442,-90.03,"Tue 9-12, Sun 3-6"
469,"Rosa Sanchez, Tobias",70,"Ledbetter","TX",30.2,-96.8,"Wed 9-12, Thu 3-6"
470,"Carpenter, Abdimalik",83,"Raymond","KS",38.3,-98.4,"Mon 9-12, Mon 9-12, Thu 9-12"
471,"Whisler, Jaelyn",85,"La Grande","WA",NA,NA,"Thu 9-12, Fri 6-9"
472,"Amen, James",71,"Goshen","OH",39.23,-84.12,"Sun 3-6, Thu 9-12"
473,"Nash, Tynecia",70,"Interlaken","NY",42.6,-76.73,"Thu 6-9, Thu 9-12, Fri 6-9"
474,"Chu, Anirudh",68,"Wahoo","NE",41.2,-96.6,"Thu 9-12, Thu 9-12"
475,"Debus, Rebecca",73,"Rahway","NJ",40.61,-74.28,"Sun 6-9, Wed 6-9, Thu 3-6"
476,"Bowman, Jesse",76,"Teutopolis","IL",39.14,-88.44,"Fri 9-12, Wed 3-6"
477,"Johnson, Willoe",81,"La Porte City","IA",42.3,-92.2,"Wed 3-6, Sun 3-6"
478,"Cooper, Courtney",71,"Miami","FL",25.57,-80.34,"Wed 12-3, Tue 12-3, Mon 12-3"
479,"Strimple, Hope",93,"Sunset Beach","CA",33.7161,-118.0687,"Fri 6-9, Tue 6-9, Fri 9-12"
480,"Shuart, Garren",92,"Meadow","TX",33.3,-102.3,"Tue 9-12, Fri 12-3, Mon 3-6"
481,"el-Salman, Umaima",83,"Glenshaw","PA",40.54,-79.95,"Wed 6-9, Fri 6-9"
482,"Jones, Charron",75,"Lastrup","MN",NA,NA,"Sun 3-6, Fri 6-9"
483,"Martinez, Brittany",85,"Beedeville","AR",35.43,-91.11,"Sun 12-3, Sun 12-3"
484,"Ray, Taylor",91,"Grant","MI",43.4,-85.9,"Tue 3-6, Sun 12-3, Sun 9-12"
485,"Romero, Logan",89,"Ottawa","KS",38.6,-95.3,"Wed 9-12, Mon 6-9"
486,"Olivas, Manuel",88,"Huston","ID",NA,NA,"Thu 6-9, Sat 9-12"
487,"al-Allee, Sulama",80,"Mauldin","SC",34.78,-82.3,"Sat 9-12, Mon 6-9"
488,"Pae, Daniel",93,"Bloomington","IN",39.1,-86.6,"Sat 6-9, Thu 12-3"
489,"al-Satter, Muzaina",90,"Salisbury","PA",39.8,-79.1,"Thu 12-3, Mon 12-3, Fri 9-12"
490,"Smith, Michael",69,"Mikado","MI",44.6,-83.5,"Tue 12-3, Tue 12-3, Sat 3-6"
491,"Romero, Nicole",66,"Fulda","IN",38.1111,-86.8354,"Tue 3-6, Fri 3-6"
492,"Jumbo, Springwind",84,"Blue Island","IL",41.65,-87.68,"Sun 12-3, Sat 9-12"
493,"Yu, Armond",94,"Beccaria","PA",40.77,-78.42,"Sat 9-12, Fri 12-3, Sat 12-3"
494,"Fickle, Deavontay",92,"San Francisco","CA",NA,NA,"Mon 9-12, Sun 12-3"
495,"Maggart, Karissa",77,"Tucson","AZ",32.27,-111,"Mon 9-12, Sat 3-6"
496,"Cross, Shante",70,"Howard","PA",41,-77.7,"Thu 6-9, Sun 3-6"
497,"el-Omer, Abeer",93,"Woodbridge","VA",38.62,-77.27,"Mon 9-12, Tue 3-6, Thu 6-9"
498,"Duncanson, Khadijah",69,"Troy","ID",46.7,-116.7,"Thu 9-12, Wed 12-3, Mon 12-3"
499,"Cardenas, Carena",79,"Erwinna","PA",40.48,-75.09,"Fri 3-6, Wed 9-12"
500,"Malhotra, Bryan",88,"Mason","OH",39.35,-84.3,"Tue 6-9, Tue 12-3, Tue 3-6"
501,"Chang, Kai",95,"Panama","IL",39.032,-89.524,"Thu 9-12, Tue 12-3, Sat 9-12"
502,"Glaspie, Malcolm",79,"Treynor","IA",41.24,-95.61,"Tue 12-3, Thu 3-6, Sun 3-6"
503,"Marrs, Angelo",89,"Mora","NM",36.1,-105.4,"Thu 6-9, Tue 6-9"
504,"Drewno, Umar",76,"Lompoc","CA",34.6,-120.4,"Thu 9-12, Fri 3-6, Sat 12-3"
505,"Salazar, Donovan",92,"Hyattsville","MD",NA,NA,"Mon 6-9, Sun 3-6, Thu 9-12"
506,"Tafoya, Alexandria",82,"Weston","WY",44.8,-105.3,"Fri 6-9, Mon 3-6"
507,"Mungovan, Michael",77,"Arlington Heights","IL",42.11,-87.98,"Fri 9-12, Sat 9-12, Thu 9-12"
508,"Garcia, Marissa",80,"West Willow","PA",NA,NA,"Thu 9-12, Thu 6-9, Tue 12-3"
509,"Stoker, Kevin",95,"Oregon","MO",40,-95.1,"Wed 9-12, Fri 9-12, Wed 6-9"
510,"Barros-Martinez, Raul",85,"Osprey","FL",27.17,-82.48,"Wed 6-9, Tue 6-9, Sat 9-12"
511,"Staple, Autumn",85,"Mendon","NY",43,-77.5,"Sun 6-9, Fri 9-12"
512,"Frazier, Christian",74,"Buffalo","NY",42.92,-78.87,"Thu 6-9, Mon 3-6, Thu 9-12"
513,"Perez Casillas, Abigail",79,"Potsdam","NY",44.6,-74.9,"Wed 6-9, Fri 6-9"
514,"Mcclain, Adesua",92,"Scales Mound","IL",42.5,-90.3,"Tue 3-6, Sat 12-3"
515,"el-Salih, Yaasmeena",80,"Palenville","NY",42.19,-74.02,"Sat 6-9, Mon 9-12, Sat 9-12"
516,"Hazel, Isiah",84,"Toquerville","UT",37.24,-113.33,"Sat 3-6, Mon 12-3"
517,"Truong, Xiaoran",66,"Salinas","CA",NA,NA,"Thu 3-6, Sat 9-12"
518,"Guerra, Matthew",79,"North Walpole","NH",43.14,-72.44,"Sun 3-6, Tue 6-9"
519,"Claridy, Brittney",82,"Herndon","KS",39.8,-100.9,"Sat 12-3, Thu 9-12, Tue 12-3"
520,"Klutke, Sarah",88,"Shinhopple","NY",NA,NA,"Wed 3-6, Wed 12-3, Thu 6-9"
521,"Keyes Maudelonde, Jordan",91,"Leesburg","VA",NA,NA,"Fri 12-3, Sat 6-9, Tue 9-12"
522,"al-Ben, Nawwaara",87,"Ringoes","NJ",40.44,-74.84,"Sun 9-12, Wed 6-9, Thu 3-6"
523,"Pinedo Carrillo, Oscar",92,"Paducah","TX",33.8,-100.3,"Sun 6-9, Fri 3-6, Tue 6-9"
524,"Terrell, Tisha",77,"Dighton","KS",38.5,-100.4,"Sat 6-9, Fri 12-3, Tue 12-3"
525,"Morris, Kianna",82,"Clintonville","PA",41.204,-79.871,"Thu 9-12, Wed 3-6, Sat 6-9"
526,"Huggins, Kyle",90,"Oscar","LA",30.59,-91.47,"Sat 9-12, Sat 9-12, Mon 12-3"
527,"Tsinnijinnie, Dominque",68,"Chesapeake","VA",36.81,-76.41,"Tue 6-9, Sun 12-3"
528,"Thomas, Kiana",93,"Arcadia","FL",27.2,-81.8,"Thu 6-9, Tue 9-12"
529,"al-Amini, Kaamil",92,"Tacoma","WA",NA,NA,"Sun 6-9, Wed 3-6"
530,"Durazo, Audrey",92,"Iron Station","NC",35.45,-81.11,"Tue 3-6, Fri 6-9, Thu 3-6"
531,"Ho, Luaci",91,"Miller","NE",40.9,-99.4,"Sat 12-3, Thu 6-9"
532,"Strange Owl, Frances",80,"Princeton Junction","NJ",40.28,-74.62,"Sat 9-12, Mon 6-9, Fri 9-12"
533,"Wallace, Ashley",75,"Houston","TX",29.81,-95.52,"Sun 6-9, Mon 9-12"
534,"Marchando, Sarah",78,"Scottsboro","AL",34.6,-86.1,"Wed 3-6, Fri 3-6, Fri 9-12"
535,"Lovo, Matthew",70,"Gordonville","PA",40.04,-76.1,"Fri 12-3, Mon 9-12"
536,"Stirgus, Janet",74,"Zanoni","MO",36.71,-92.33,"Thu 12-3, Thu 9-12, Sun 12-3"
537,"Rosales, Adam",80,"Scottdale","PA",40.11,-79.61,"Thu 6-9, Tue 9-12"
538,"Valdez, Ana",72,"Richmond","VA",NA,NA,"Thu 3-6, Thu 3-6, Wed 6-9"
539,"Vo, Alexis",66,"Chicago","IL",NA,NA,"Sun 12-3, Wed 9-12, Sun 3-6"
540,"Smith, Darian",73,"Lapel","IN",40.06,-85.83,"Sun 6-9, Mon 12-3, Thu 3-6"
541,"al-Salem, Tawfeeq",74,"Forsyth","MO",36.7,-93.1,"Sat 6-9, Tue 12-3"
542,"Martinez, Nicholas",69,"Jeremiah","KY",37.17,-82.93,"Mon 12-3, Tue 6-9"
543,"Yazzie, Andrew",81,"Ralls","TX",33.6,-101.4,"Thu 3-6, Sat 3-6"
544,"al-Dawood, Marzooq",72,"Byesville","OH",39.96,-81.53,"Tue 9-12, Tue 12-3"
545,"Slechter, Aaron",74,"Bent","NM",33.2,-105.9,"Sun 3-6, Thu 9-12"
546,"Allen, Alexi",66,"Palo","MI",43.1104,-84.985,"Mon 9-12, Fri 3-6, Mon 6-9"
547,"al-Hassan, Noora",91,"Tacoma","WA",47.22,-122.45,"Tue 6-9, Thu 6-9"
548,"Shah, Ashley",87,"Canton","MI",42.29,-83.49,"Fri 6-9, Thu 12-3, Wed 9-12"
549,"Sheppard, Brandyn",95,"Lemon Grove","CA",32.73,-117.04,"Mon 3-6, Fri 3-6, Thu 12-3"
550,"Christensen, Natalie",92,"Dwight","KS",38.9,-96.6,"Sat 6-9, Tue 3-6"
551,"Inthapatha, Brittany",73,"Marietta","GA",33.9,-84.59,"Thu 3-6, Mon 9-12, Fri 12-3"
552,"Yeturu, Jessica",68,"Sioux Falls","SD",NA,NA,"Sun 12-3, Fri 12-3, Wed 12-3"
553,"Rivera, Henry",67,"Springdale","AR",36.19,-94.24,"Thu 9-12, Sat 12-3"
554,"Bolyard, Anna",86,"Littleton","IL",40.22,-90.62,"Mon 3-6, Wed 3-6"
555,"Avitia, Tylyn",66,"Aurora","SD",44.3,-96.7,"Fri 3-6, Thu 6-9"
556,"el-Muhammad, Shabeeba",81,"Smithdale","MS",31.3,-90.7,"Tue 9-12, Wed 3-6"
557,"Horne, Shaekia",80,"Presque Isle","MI",45.3,-83.6,"Wed 6-9, Sat 6-9, Tue 12-3"
558,"Phan, Julia",70,"Sheridan","AR",34.3,-92.4,"Sun 12-3, Thu 12-3"
559,"Pickett, Dean",90,"Tariffville","CT",41.91,-72.77,"Thu 12-3, Mon 6-9"
560,"Barideaux, Abrionna",89,"Quincy","FL",30.6,-84.6,"Wed 6-9, Fri 9-12, Mon 12-3"
561,"Rodriguez, Albieli",66,"Mc Knightstown","PA",39.9,-77.3,"Wed 6-9, Sun 3-6, Wed 3-6"
562,"Surghani, Jade",92,"Spokane","WA",47.6,-117.5,"Sat 6-9, Sat 12-3"
563,"Daniels, Iaisha",66,"Portland","OR",NA,NA,"Wed 12-3, Tue 9-12"
564,"al-Azer, Yoonus",70,"Unionville","CT",NA,NA,"Fri 6-9, Thu 9-12"
565,"Fitzsimons, Robert",68,"Gadsden","AZ",32.562,-114.787,"Tue 9-12, Sun 6-9, Thu 12-3"
566,"al-Abu, Adham",94,"Bluff City","KS",37.1,-97.8,"Sun 6-9, Tue 12-3, Tue 3-6"
567,"King, Darnell",71,"Keystone Heights","FL",29.9,-82,"Sun 3-6, Sun 3-6, Thu 9-12"
568,"Meek, Ariane",79,"Oden","AR",34.6,-93.8,"Mon 12-3, Wed 9-12, Sun 12-3"
569,"el-Mohammed, Abdul Waahid",78,"Bohemia","NY",40.77,-73.12,"Fri 3-6, Fri 9-12"
570,"Caster, Raymond",90,"Winslow","IN",38.38,-87.22,"Sat 9-12, Fri 12-3, Wed 6-9"
571,"Davis, Kristopher",65,"Salineno","TX",26.517,-99.112,"Fri 9-12, Fri 6-9"
572,"Kuhlmann Kazay, Brittany",78,"Crowley","TX",32.58,-97.41,"Sat 9-12, Thu 9-12, Thu 3-6"
573,"Rel, Brian",81,"Annapolis","IL",39.14,-87.84,"Mon 9-12, Fri 3-6, Sat 3-6"
574,"Garcia-Santos, Isaak",69,"Vancouver","WA",NA,NA,"Wed 3-6, Tue 12-3"
575,"Figge, Taylor",83,"Wimbledon","ND",47.2,-98.4,"Fri 9-12, Thu 9-12, Tue 3-6"
576,"Laner, Franciszek",92,"Princeton Junction","NJ",40.28,-74.62,"Thu 9-12, Fri 3-6"
577,"Johnson, Brandon",93,"Everson","WA",48.9,-122.3,"Sun 9-12, Sat 3-6"
578,"Sonder, Angele",91,"Wishek","ND",46.3,-99.6,"Thu 6-9, Thu 6-9, Mon 6-9"
579,"el-Mousa, Shaamikh",68,"Duenweg","MO",37.1,-94.5,"Tue 6-9, Wed 9-12"
580,"Wheaton, Shawntell",77,"Tuscaloosa","AL",33.1,-87.6,"Wed 12-3, Sun 9-12"
581,"Dinsmore, Cody",87,"Portland","NY",42.38,-79.48,"Fri 9-12, Mon 3-6"
582,"Mccorkle, Bruno",91,"Maitland","FL",28.63,-81.36,"Mon 6-9, Mon 9-12"
583,"Lindsay, Brandon",80,"Wyandanch","NY",40.75,-73.37,"Fri 3-6, Tue 6-9"
584,"Russell, Jomo",91,"Rocky Mount","NC",35.9,-77.7,"Sun 3-6, Tue 6-9"
585,"Nelson, Megan",93,"Bellevue","WA",NA,NA,"Fri 12-3, Tue 6-9, Sun 3-6"
586,"Flores, Yamilex",75,"Sewanee","TN",35.2,-85.9,"Fri 6-9, Sat 6-9, Sat 9-12"
587,"Betts-White, Darion",69,"Uniontown","AL",32.5,-87.5,"Sun 3-6, Mon 9-12, Tue 3-6"
588,"Onoyama, Karlina",85,"Kingston Springs","TN",36.1,-87.11,"Tue 9-12, Thu 9-12"
589,"Brito, Aric",74,"Bridgeport","TX",33.2,-97.8,"Wed 6-9, Wed 3-6, Fri 12-3"
590,"Cox, Chynna",76,"Brattleboro","VT",NA,NA,"Wed 12-3, Sun 3-6"
591,"Fulton, Alexa",84,"Ryder","ND",47.9,-101.8,"Sun 12-3, Tue 6-9, Wed 9-12"
592,"Arellano, Leslie",71,"Slab Fork","WV",37.66,-81.31,"Mon 6-9, Tue 6-9, Wed 9-12"
593,"Gore, Isaiah",85,"Icard","NC",35.7,-81.6,"Fri 3-6, Fri 6-9, Fri 12-3"
594,"Oetken, Thomas",75,"Honey Brook","PA",40.08,-75.87,"Wed 6-9, Wed 9-12, Sun 3-6"
595,"al-Raad, Hiwaaya",66,"Charlotte","NC",35.24,-80.91,"Sun 12-3, Thu 12-3, Mon 3-6"
596,"Ricketts, Taylor",66,"Crowley","LA",30.2,-92.4,"Tue 12-3, Fri 3-6"
597,"Schnebly, Michaela",77,"Ames","IA",42.1,-93.7,"Fri 12-3, Thu 3-6"
598,"al-Allam, Tulaiha",83,"Concordia","KS",39.5,-97.6,"Mon 3-6, Sat 3-6, Sat 6-9"
599,"el-Kalil, Jumail",66,"Faywood","NM",32.67,-107.86,"Sun 9-12, Wed 3-6"
600,"Pona, Kiare",79,"Lummi Island","WA",48.7,-122.8,"Mon 9-12, Sat 9-12, Sun 9-12"
601,"King, Rondisha",82,"Ciales","PR",18.3,-66.5,"Wed 9-12, Sat 12-3, Thu 12-3"
602,"Coyote, Katrina",86,"Warnerville","NY",42.61,-74.45,"Thu 3-6, Fri 6-9, Sun 12-3"
603,"Nghiem, Bich Sa",76,"Piedmont","MO",37.2,-90.7,"Sun 9-12, Tue 9-12, Mon 9-12"
604,"el-Sarah, Raihaana",83,"Saint Bonifacius","MN",44.9,-93.74,"Wed 9-12, Wed 3-6, Tue 3-6"
605,"al-Jan, Ghaali",73,"Lake Charles","LA",30.25,-93.11,"Wed 6-9, Fri 6-9"
606,"Steele, Kelsey",88,"Ormsby","MN",43.84,-94.67,"Thu 6-9, Mon 9-12, Tue 12-3"
607,"Martinez, Mark",85,"Sikeston","MO",36.9,-89.6,"Sun 12-3, Mon 3-6, Thu 12-3"
608,"Blood, Kadeisha",75,"Las Vegas","NV",NA,NA,"Thu 3-6, Sat 3-6, Wed 9-12"
609,"el-Popal, Wadha",77,"Havana","KS",37.12,-95.96,"Sun 9-12, Tue 6-9, Thu 6-9"
610,"Hegstrom, Cody",87,"Lillie","LA",32.95,-92.7,"Sun 6-9, Thu 3-6"
611,"Perkowski, Alan",71,"Wilsonville","OR",45.31,-122.78,"Thu 3-6, Mon 6-9"
612,"Davis, Makailah",68,"Endeavor","WI",43.7,-89.49,"Thu 9-12, Tue 9-12"
613,"Aragon, Delilah",66,"Arlington","TX",NA,NA,"Thu 12-3, Sun 12-3"
614,"Ortiz-Rodriguez, Ana",76,"Florence","TX",30.8,-97.8,"Wed 9-12, Fri 3-6, Thu 3-6"
615,"Acosta-Alvarado, Anissa",69,"Portland","OR",NA,NA,"Mon 12-3, Sun 6-9, Thu 12-3"
616,"Ward, Jermie",68,"Gilbertown","AL",31.9,-88.3,"Sun 9-12, Tue 9-12, Sun 12-3"
617,"Simon, Anthony",86,"Greenfield","MA",42.63,-72.59,"Mon 9-12, Sat 6-9"
618,"Potter, Kwame",83,"Gainesville","VA",38.81,-77.62,"Wed 6-9, Tue 9-12, Mon 12-3"
619,"Tromble, Joshua",65,"Sullivan","KY",NA,NA,"Mon 9-12, Tue 6-9, Thu 6-9"
620,"el-Mitri, Jamaal",70,"Laurel","IN",39.5,-85.2,"Fri 12-3, Sat 6-9, Sun 12-3"
621,"Mckibben, Alice",83,"Dyer","NV",37.8,-118,"Sat 3-6, Thu 9-12"
622,"el-Saidi, Muneef",87,"Springwater","NY",42.7,-77.6,"Wed 9-12, Fri 9-12, Sat 12-3"
623,"Vaughn, Imari",86,"Bar Harbor","ME",44.4,-68.3,"Tue 6-9, Tue 6-9, Mon 9-12"
624,"Johnson, Patrick",70,"Cincinnati","OH",39.13,-84.51,"Sat 3-6, Sun 6-9, Sat 3-6"
625,"Oatman, Joshua",76,"Elk Mills","MD",39.6,-75.9,"Wed 3-6, Wed 9-12, Tue 9-12"
626,"Zhang, Zia",85,"Valley Springs","SD",43.6,-96.5,"Fri 6-9, Wed 12-3"
627,"el-Alam, Naaifa",81,"Miami","FL",25.7,-80.41,"Sun 9-12, Sat 3-6"
628,"Shepherd, Joshua",75,"Annapolis","MD",38.94,-76.49,"Thu 9-12, Thu 9-12"
629,"Easter, Ashley",91,"Wounded Knee","SD",43.2,-102.4,"Sat 12-3, Wed 6-9"
630,"John, Trina",69,"Waterbury","CT",NA,NA,"Thu 6-9, Thu 3-6"
631,"Crawleigh, Megan",88,"San Leandro","CA",37.69,-122.15,"Sun 9-12, Tue 12-3, Sat 3-6"
632,"el-Dib, Bandar",83,"Waxahachie","TX",32.4,-96.8,"Sun 3-6, Mon 12-3"
633,"Tran, Dan",65,"Monroeville","OH",41.2,-82.7,"Thu 9-12, Wed 9-12, Wed 6-9"
634,"el-Shams, Aqeela",92,"Montgomery","AL",NA,NA,"Tue 12-3, Fri 6-9, Mon 12-3"
635,"Khuu, Brandon",77,"Ephrata","WA",47.3,-119.6,"Thu 3-6, Wed 9-12, Wed 6-9"
636,"al-Amir, Hikma",80,"Stockland","IL",NA,NA,"Wed 12-3, Mon 12-3"
637,"Estrada-Munoz, Analida",69,"Bassett","AR",NA,NA,"Mon 12-3, Mon 6-9, Fri 6-9"
638,"Georgantas, A' Kia",69,"Charlotte","NC",NA,NA,"Sun 6-9, Thu 6-9"
639,"Neubert, Dylan",66,"Oakhurst","NJ",40.26,-74.02,"Fri 6-9, Sun 6-9"
640,"Barnes, Tyler",71,"Miami Beach","FL",25.82,-80.15,"Mon 6-9, Sat 3-6"
641,"Henderson, Ronald",79,"Slatyfork","WV",38.5,-80.1,"Thu 9-12, Thu 12-3"
642,"Castellot, Tyler",74,"Fawn Grove","PA",39.76,-76.45,"Sun 6-9, Sat 6-9, Thu 9-12"
643,"Perez, Joseph",83,"Saint Louis","MO",38.75,-90.21,"Mon 12-3, Mon 12-3, Wed 12-3"
644,"el-Huq, Taaliba",71,"Denver","CO",39.74,-105.11,"Thu 3-6, Wed 9-12"
645,"Diaz, Emily",93,"Cairo","GA",31,-84.2,"Wed 3-6, Thu 12-3"
646,"Serna, Andrew",85,"Moose Lake","MN",46.5,-92.8,"Wed 12-3, Mon 3-6"
647,"Escobedo, Yamilet",84,"Barstow","IL",41.52,-90.39,"Sun 9-12, Wed 6-9"
648,"Towndrow, Troi",70,"Windsor","CA",38.53,-122.82,"Wed 9-12, Mon 9-12, Sat 9-12"
649,"Aragon, Cheyenne",67,"Ogden","IA",42,-94.1,"Sun 9-12, Fri 3-6"
650,"Pirzadeh, Zebulon",89,"Wisdom","MT",45.7,-113.6,"Sat 6-9, Mon 12-3"
651,"el-Dallal, Hamza",66,"Ottawa","OH",41,-84,"Sat 6-9, Fri 9-12"
652,"Kimble, Alex",67,"Stoughton","WI",42.9,-89.2,"Mon 3-6, Sat 9-12, Sun 6-9"
653,"Chau, Masooma",73,"Omaha","NE",NA,NA,"Thu 6-9, Mon 3-6"
654,"Villalobos, Madison",70,"Seaview","WA",46.33,-124.05,"Wed 3-6, Fri 6-9, Tue 12-3"
655,"Johnson, Shay",69,"Whitlash","MT",48.8,-111.2,"Tue 9-12, Sun 6-9, Fri 12-3"
656,"Gregg, Shae",69,"Canton","OH",40.8,-81.35,"Fri 12-3, Fri 3-6, Sun 3-6"
657,"Heiss, Johnathan",72,"Millston","WI",44.192,-90.645,"Sat 6-9, Sat 3-6, Tue 9-12"
658,"Jones, Katherine",93,"Hampton","VA",37.09,-76.37,"Sat 3-6, Tue 12-3"
659,"Cha, Isabella",79,"Marion Station","MD",38,-75.7,"Mon 3-6, Mon 3-6, Fri 9-12"
660,"Leyerle, Cheyenne",73,"Normanna","TX",28.528,-97.784,"Fri 9-12, Mon 9-12"
661,"Bivings, David",69,"Boston","NY",42.62,-78.72,"Mon 9-12, Wed 12-3, Sat 3-6"
662,"Ramos, Rigoberto",76,"Manheim","PA",40.2,-76.4,"Sun 9-12, Sun 12-3"
663,"Crosby Attipoe, Jade",71,"Vacaville","CA",38.4,-121.9,"Tue 12-3, Sat 6-9"
664,"Lakanu, Garland",87,"Bayfield","CO",37.4,-107.6,"Mon 3-6, Mon 9-12"
665,"Lau, Isaac",72,"Vero Beach","FL",27.7,-80.4,"Thu 9-12, Fri 9-12"
666,"Paryz, Jacob",95,"Midkiff","WV",38.105,-82.062,"Fri 12-3, Fri 12-3, Mon 9-12"
667,"Russell, Khaleem",81,"Mcgregor","ND",48.6,-103,"Fri 3-6, Fri 9-12"
668,"Almengor, Karen",94,"Lawrenceville","IL",38.8,-87.6,"Sun 6-9, Sat 9-12, Sun 9-12"
669,"Gonzalez, Jasmine",83,"Bechtelsville","PA",40.38,-75.62,"Thu 12-3, Tue 6-9"
670,"Beckwith, Brooke",78,"Oriskany","NY",43.15,-75.36,"Fri 3-6, Mon 9-12"
671,"Bashir, William",87,"La Puente","CA",34.03,-117.93,"Thu 6-9, Sun 6-9"
672,"al-Soltani, Hikma",89,"Washington Navy Yard","DC",NA,NA,"Sat 9-12, Fri 3-6, Tue 6-9"
673,"Lathrop, Lucas",66,"Bohannon","VA",37.39,-76.36,"Thu 3-6, Wed 3-6, Wed 3-6"
674,"Lee, Terry",90,"Binger","OK",35.3,-98.3,"Sun 12-3, Mon 6-9"
675,"Christensen, Catherine",94,"Hialeah","FL",NA,NA,"Tue 3-6, Sat 9-12, Mon 12-3"
676,"Jarrell, Tsavii",94,"Whiteland","IN",39.56,-86.08,"Tue 6-9, Fri 6-9"
677,"Bowman, Shannon",82,"Blum","TX",32.1,-97.4,"Fri 9-12, Thu 6-9"
678,"Bermudez Juarez, Sandra",71,"Los Angeles","CA",34.13,-118.21,"Wed 12-3, Sat 3-6, Wed 3-6"
679,"Choi, Cyron",80,"Tea","SD",43.46,-96.87,"Mon 3-6, Sat 9-12, Tue 3-6"
680,"el-Bashir, Mus'ab",92,"Spring Lake","MN",47.66,-93.92,"Sun 9-12, Fri 3-6, Sat 6-9"
681,"Wofford, Niesha",81,"Melbeta","NE",41.782,-103.517,"Tue 12-3, Mon 9-12, Tue 6-9"
682,"Finn, Isaac",68,"Orange","CA",33.83,-117.85,"Fri 6-9, Sat 9-12"
683,"Gorden, Kathleen",88,"Jacksonville","FL",NA,NA,"Wed 9-12, Sat 3-6, Tue 3-6"
684,"Phansaiyasack, Angela",66,"Corpus Christi","TX",NA,NA,"Sat 9-12, Tue 9-12, Sat 9-12"
685,"Sanistevan, Taira",70,"Indianapolis","IN",39.74,-86.17,"Wed 3-6, Sun 9-12"
686,"Jones, De Vaughn",82,"Forestville","WI",44.7,-87.5,"Sat 3-6, Wed 3-6"
687,"Carter, Makala",68,"Pomeroy","PA",40,-75.8,"Fri 6-9, Sun 3-6, Sat 3-6"
688,"Huynh, Kevin",65,"Atwood","KS",39.8,-101,"Sun 6-9, Sat 6-9"
689,"Sullivan, Dennis",74,"Stoneville","MS",NA,NA,"Wed 6-9, Wed 6-9, Sat 6-9"
690,"Pinnecoose, Daniel",68,"Windsor","MA",42.51,-73.05,"Mon 3-6, Wed 9-12"
691,"Kincheloe, Leann",72,"Bayville","NY",40.9,-73.55,"Tue 9-12, Fri 12-3, Thu 3-6"
692,"Troughton, Harley",84,"Stevenson","WA",46,-121.9,"Fri 3-6, Wed 9-12"
693,"el-Uddin, Nada",76,"Mobile","AL",30.68,-88.07,"Mon 3-6, Wed 6-9, Wed 3-6"
694,"Davis, Naquan",78,"Susquehanna","PA",41.9,-75.5,"Fri 9-12, Fri 12-3, Sat 3-6"
695,"Loya, Perla",76,"Bauxite","AR",34.52,-92.48,"Sun 6-9, Mon 3-6"
696,"Le, Julia",75,"Portland","OR",45.52,-122.675,"Sun 9-12, Tue 12-3"
697,"el-Sharif, Hamad",80,"East Irvine","CA",NA,NA,"Fri 6-9, Fri 3-6"
698,"Wise, Caleb",89,"Terre Haute","IN",39.47,-87.31,"Wed 3-6, Wed 12-3, Mon 6-9"
699,"Perales, Paul",90,"Northbridge","MA",42.14,-71.64,"Sun 6-9, Mon 6-9"
700,"Schumann, Anica",68,"Atlanta","GA",NA,NA,"Sun 12-3, Tue 12-3, Tue 9-12"
701,"Colin, David",94,"Belleville","WV",39.12,-81.67,"Sun 12-3, Sun 9-12, Sat 3-6"
702,"Johnson, Baylor",69,"Amarillo","TX",35.22,-101.69,"Tue 6-9, Mon 3-6"
703,"Sun, Cathy",82,"Shepherdsville","KY",NA,NA,"Mon 9-12, Sun 9-12, Tue 6-9"
704,"Arispe, Hector",90,"Kansas City","MO",NA,NA,"Sun 9-12, Thu 12-3"
705,"Lundstrom, Hannah",84,"Etna Green","IN",41.3,-86,"Wed 9-12, Wed 12-3, Tue 12-3"
706,"Price, Parris",66,"Nevada","OH",40.8,-83.1,"Sat 6-9, Fri 12-3"
707,"Koehn, Denesh",77,"Syria","VA",38.49,-78.31,"Thu 6-9, Sun 3-6, Sat 6-9"
708,"Abayou, Talia",92,"Chesterton","IN",41.62,-87.05,"Mon 12-3, Wed 12-3"
709,"Bennett, Eric",70,"Dacula","GA",34,-83.9,"Sat 6-9, Fri 9-12"
710,"Nguyen, Austin",84,"Pleasant Hill","OH",40.05,-84.35,"Sun 9-12, Mon 3-6"
711,"Lucas, Laura",79,"Normalville","PA",40.02,-79.43,"Fri 12-3, Sun 9-12, Sun 6-9"
712,"Kemp, Bryce",91,"Hudsonville","MI",42.8,-85.9,"Sat 3-6, Sat 6-9, Fri 9-12"
713,"Her, Brian",69,"Cupertino","CA",NA,NA,"Sun 12-3, Tue 6-9, Sat 3-6"
714,"al-Hamad, Rihaab",66,"American Fork","UT",40.4,-111.79,"Mon 9-12, Mon 6-9"
715,"Jones, Melody",91,"Ogden","IA",42,-94.1,"Fri 9-12, Sun 9-12"
716,"Sanders, Hyun-Ah",86,"Rogers","CT",41.85,-71.86,"Fri 3-6, Sat 12-3, Sun 12-3"
717,"Mulder, Olivia",93,"Vancouver","WA",NA,NA,"Fri 3-6, Mon 12-3"
718,"Williams, Kacjae",89,"Charleston","WV",NA,NA,"Wed 9-12, Sat 12-3"
719,"Martinez, Mario",86,"Trosper","KY",36.773,-83.814,"Sat 12-3, Fri 3-6, Sat 12-3"
720,"Carmona-Delarosa, Avram",66,"Chicago","IL",NA,NA,"Mon 9-12, Fri 3-6"
721,"Coblentz, Anasthasia",78,"Burlingame","CA",NA,NA,"Fri 6-9, Thu 3-6, Thu 6-9"
722,"Hett, Dustyn",69,"Ulster Park","NY",41.86,-74,"Sun 9-12, Sun 9-12, Sat 6-9"
723,"al-Sattar, Khulood",92,"Ashford","AL",31.2,-85.2,"Tue 9-12, Mon 12-3"
724,"el-Moustafa, Hafsa",86,"Dixon","IA",41.71,-90.75,"Mon 9-12, Thu 3-6, Wed 9-12"
725,"Lizer, Krystal",68,"Potter","WI",44.1,-88.2,"Fri 6-9, Sun 9-12"
726,"Toy, Sierra",94,"Okaton","SD",43.9,-100.9,"Wed 3-6, Wed 6-9"
727,"Mitchell-Porter, Cody",67,"Archbold","OH",41.5,-84.3,"Thu 6-9, Fri 9-12, Wed 12-3"
728,"Mo, Tristian",82,"Junction City","CA",40.8,-123.1,"Fri 3-6, Sun 6-9, Thu 9-12"
729,"Selheimer, Amanda",82,"Norwood","NJ",40.97,-73.94,"Fri 3-6, Wed 12-3"
730,"Berge, Laya",79,"Berlin","PA",39.9,-78.9,"Tue 12-3, Fri 12-3"
731,"Hunt, Nathaniel",67,"San Francisco","CA",NA,NA,"Tue 9-12, Sun 9-12, Sat 6-9"
732,"Denson, Avinice",95,"Detroit","MI",42.34,-83.13,"Tue 9-12, Sat 3-6"
733,"Davis, Tyra",78,"Dayton","OH",NA,NA,"Sun 12-3, Fri 9-12"
734,"O'Hara, Samuel",88,"Sarasota","FL",NA,NA,"Mon 12-3, Thu 3-6, Sat 9-12"
735,"Burgess, Natalia",90,"Cahone","CO",37.8,-108.4,"Sun 6-9, Tue 3-6, Mon 6-9"
736,"Grady, T Asia",93,"Garden City","MN",44.03,-94.21,"Sat 9-12, Thu 6-9"
737,"al-Salim, Lubaaba",92,"Hancock","MI",47.2,-88.5,"Wed 12-3, Thu 6-9, Sun 12-3"
738,"Murray, Leonard",95,"Abbottstown","PA",39.89,-76.98,"Sun 3-6, Thu 3-6, Wed 12-3"
739,"Cheek, David",67,"Bronx","NY",NA,NA,"Sat 12-3, Fri 6-9, Sun 6-9"
740,"Pourier, Thaine",95,"Starksboro","VT",44.23,-73,"Wed 12-3, Tue 9-12, Thu 6-9"
741,"Woods, Max",88,"Ralston","IA",42.044,-94.635,"Sat 3-6, Mon 12-3, Mon 3-6"
742,"Glasper, Breanna",93,"Shreveport","LA",32.46,-93.76,"Mon 6-9, Sun 12-3"
743,"Hale, Matea",73,"Wrightsville","PA",39.99,-76.52,"Tue 9-12, Mon 9-12"
744,"Holm, Alicia",88,"Reading","PA",40.33,-75.94,"Mon 6-9, Fri 9-12"
745,"Bock-Bernardi, Kenny",89,"Andale","KS",37.76,-97.64,"Wed 9-12, Sun 9-12, Wed 6-9"
746,"Castillo Aguirre, Vania",67,"New Virginia","IA",41.2,-93.7,"Sat 6-9, Sat 6-9, Sun 12-3"
747,"Jarman, Aman",72,"Benedict","NE",41,-97.62,"Sat 12-3, Tue 9-12"
748,"Archuleta, Romelia",88,"Riverview","FL",27.84,-82.35,"Thu 6-9, Wed 6-9"
749,"al-Masih, Maleeha",91,"Hutchins","TX",32.64,-96.7,"Sun 12-3, Fri 9-12"
750,"Truong, Joshua",90,"Yorktown","VA",37.12,-76.45,"Tue 12-3, Thu 3-6"
751,"al-Zaman, Jaasim",84,"Missouri City","TX",29.61,-95.51,"Thu 3-6, Thu 12-3, Sat 12-3"
752,"Vawter, Cody",72,"Evergreen","CO",39.7,-105.4,"Sat 12-3, Sun 6-9"
753,"Chavarria, Gurinder",77,"Gordonsville","VA",38.1,-78.2,"Sat 3-6, Mon 6-9"
754,"Acosta, Ayla",85,"Hatteras","NC",35.22,-75.69,"Mon 12-3, Tue 3-6"
755,"Tyars, Charles",74,"Blue River","OR",43.9,-122.1,"Wed 12-3, Fri 9-12, Tue 3-6"
756,"Hu, Josephine",68,"Eagleville","PA",NA,NA,"Mon 3-6, Tue 9-12, Fri 6-9"
757,"Culpepper, Crue",72,"Ochlocknee","GA",31,-84.1,"Sun 12-3, Mon 9-12"
758,"el-Habibi, Murshid",67,"Richmond","VA",NA,NA,"Fri 3-6, Mon 6-9, Wed 9-12"
759,"el-Taheri, Tharwa",73,"San Jose","CA",NA,NA,"Sat 3-6, Sun 3-6, Fri 12-3"
760,"Rinhart, Menandez",76,"San Antonio","TX",NA,NA,"Sat 3-6, Sun 6-9"
761,"Yi, Erica",88,"Crook","CO",40.9,-102.8,"Wed 3-6, Tue 12-3"
762,"Hofmann, Claudia",91,"Fort Pierce","FL",NA,NA,"Mon 12-3, Sun 12-3, Mon 3-6"
763,"Patel, Marcus",69,"Monticello","AR",33.6,-91.8,"Sat 3-6, Sun 12-3"
764,"Ditlevson, Victoria",66,"Ankeny","IA",41.73,-93.64,"Fri 12-3, Sat 3-6, Sat 12-3"
765,"Burgett, Bradley",93,"Ithaca","MI",43.3,-84.6,"Mon 6-9, Sun 9-12, Wed 6-9"
766,"Carrillo, Adrianna",88,"Denison","IA",42,-95.4,"Tue 3-6, Sat 12-3, Fri 12-3"
767,"el-Rizk, Sadeeqa",74,"Renville","MN",44.8,-95.2,"Sat 12-3, Sat 6-9"
768,"Cano, Alexis",65,"Ridgway","IL",37.8,-88.2,"Sat 12-3, Sat 9-12"
769,"el-Nassif, Aayaat",79,"Deerbrook","WI",45.3,-89.2,"Mon 9-12, Mon 3-6"
770,"Guzman, Sage",84,"Servia","IN",NA,NA,"Tue 12-3, Fri 3-6, Sat 3-6"
771,"Arnold, Dustyn",84,"Chartley","MA",NA,NA,"Fri 3-6, Tue 9-12, Sat 6-9"
772,"Herrera, Megan",82,"Pinehurst","NC",35.2,-79.47,"Fri 12-3, Wed 9-12, Mon 6-9"
773,"Johnson, Nicholas",83,"Center","TX",31.8,-94.2,"Thu 9-12, Wed 9-12"
774,"el-Dia, Annnees",94,"Albany","MO",40.3,-94.3,"Wed 3-6, Tue 6-9, Sun 9-12"
775,"el-Ghani, Kaarim",93,"Kendrick","ID",46.6,-116.5,"Sat 6-9, Sat 6-9"
776,"Olaiz-Medina, Alexander",72,"Durham","CT",41.46,-72.68,"Fri 6-9, Mon 12-3, Sun 9-12"
777,"James, John",92,"Cascade","IA",42.3,-91,"Fri 3-6, Sat 3-6"
778,"Bruning, Ramon",81,"Hartfield","VA",37.54,-76.46,"Thu 6-9, Sat 3-6, Thu 6-9"
779,"Manus, Tommy",77,"Blossvale","NY",43.2,-75.6,"Thu 12-3, Fri 12-3"
780,"el-Naqvi, Hamdaan",75,"Sterling Heights","MI",NA,NA,"Sat 6-9, Wed 6-9, Wed 3-6"
781,"el-Demian, Huwaida",95,"Buda","IL",41.31,-89.67,"Sun 9-12, Tue 3-6, Sat 12-3"
782,"Lucero, Claire",71,"Lyford","TX",26.4,-97.6,"Wed 6-9, Sun 9-12"
783,"Baker, Avery",93,"Winslow","NE",41.609,-96.505,"Thu 3-6, Thu 3-6, Sun 12-3"
784,"al-Kazi, Musaaid",67,"Sterling","KS",38.2,-98.2,"Fri 9-12, Fri 9-12, Tue 12-3"
785,"el-Shakoor, Zainuddeen",74,"Springfield","MO",37.12,-93.32,"Sun 6-9, Mon 12-3"
786,"el-Saleh, Saabira",81,"Lexington","KY",NA,NA,"Wed 12-3, Thu 6-9"
787,"Lopez, Unity",95,"Commiskey","IN",38.9,-85.7,"Tue 3-6, Thu 9-12, Fri 12-3"
788,"Her, Bao",77,"Long Beach","CA",33.76,-118.2,"Fri 9-12, Fri 12-3, Sat 3-6"
789,"Benson, Nathan",88,"Riverside","CA",34,-117.44,"Wed 3-6, Thu 3-6"
790,"al-Satter, Shakeel",79,"Elkhart","IN",41.72,-85.97,"Thu 9-12, Wed 12-3, Fri 12-3"
791,"Johnson, Ariel",88,"Healy","AK",64,-148,"Mon 6-9, Sun 9-12, Sun 9-12"
792,"Nogueira, Theodore",71,"Mansfield","OH",40.72,-82.52,"Mon 9-12, Sun 6-9, Sat 9-12"
793,"Harris, Tenazia",79,"Buford","GA",NA,NA,"Sun 3-6, Sat 3-6, Wed 12-3"
794,"Baca, Bryce",68,"Las Vegas","NV",NA,NA,"Thu 6-9, Sat 9-12, Tue 6-9"
795,"Lorenz, Tiegen",95,"Kellyton","AL",33,-86,"Sun 9-12, Fri 12-3, Fri 9-12"
796,"Arrates, Joshua",78,"New Orleans","LA",29.97,-90.07,"Sun 12-3, Sun 9-12"
797,"Pacheco, Brycen",81,"Greensboro","NC",NA,NA,"Fri 12-3, Sun 6-9"
798,"al-Hakeem, Nahla",66,"Lincoln City","IN",38.12,-87,"Tue 9-12, Sun 12-3"
799,"Anthony, Delaney",93,"Gordon","AL",31.1,-85.2,"Mon 12-3, Fri 6-9"
800,"al-Yassin, Kaamil",68,"La Feria","TX",26.13,-97.82,"Mon 6-9, Sun 6-9"
801,"el-Safi, Naqaa",71,"Mandeville","LA",30.4,-90.1,"Sun 6-9, Sun 12-3"
802,"Short, Henry",67,"Swansea","SC",33.7,-81.1,"Sun 9-12, Sun 12-3"
803,"Hernandez, Elycet",92,"Corbin","KY",36.9,-84.2,"Thu 9-12, Wed 9-12, Fri 12-3"
804,"Tran, Tian",78,"Smithburg","WV",39.31,-80.64,"Sun 6-9, Sat 3-6"
805,"Autterson, Elyas",88,"Interlachen","FL",29.6,-81.9,"Wed 6-9, Sun 12-3"
806,"Finks, Holly",68,"Houston","TX",NA,NA,"Sun 12-3, Sat 9-12, Sun 3-6"
807,"Zamora, Aryan",76,"Charleston","WV",NA,NA,"Wed 3-6, Wed 9-12"
808,"el-Hossain, Saamyya",80,"Hitchcock","TX",29.3,-95,"Wed 9-12, Wed 3-6, Fri 12-3"
809,"Thompson, Zachary",87,"Bradford","ME",45.09,-68.91,"Sun 6-9, Wed 9-12, Sat 9-12"
810,"Burham, Garet",73,"Barnegat","NJ",39.8,-74.3,"Thu 9-12, Mon 6-9, Fri 9-12"
811,"Watkins, Catarena",67,"Piermont","NH",43.97,-72.04,"Tue 12-3, Fri 3-6, Tue 12-3"
812,"Stager, Kaenzie",70,"Nokesville","VA",NA,NA,"Fri 3-6, Sat 3-6"
813,"Barragan, Joseph",69,"Dryden","ME",NA,NA,"Thu 12-3, Thu 3-6"
814,"Klein, Andrew",81,"Luning","NV",38.4,-118.2,"Fri 6-9, Wed 6-9"
815,"Wedow, Monique",70,"Bronx","NY",40.85,-73.9,"Wed 9-12, Tue 6-9"
816,"Sandoval, Christian",90,"Belpre","OH",39.32,-81.63,"Mon 9-12, Sat 3-6, Fri 12-3"
817,"Linder, Catherine",83,"Lamar","IN",38.07,-86.93,"Fri 12-3, Mon 6-9, Sat 9-12"
818,"al-Rasul, Tawheeda",66,"Bryantsville","KY",NA,NA,"Sun 3-6, Tue 6-9"
819,"Garcia Sanchez, Aaron",93,"Chinle","AZ",36.1,-109.5,"Fri 9-12, Thu 12-3"
820,"Martinez, Michael",75,"Delanson","NY",42.8,-74.2,"Mon 12-3, Thu 9-12"
821,"el-Dawood, Haafil",87,"Marfa","TX",30.2,-104.4,"Sun 9-12, Wed 12-3"
822,"el-Moustafa, Huda",81,"De Lancey","PA",41,-79,"Fri 3-6, Fri 3-6"
823,"Williams, Taylor",89,"Walker","KY",36.87,-83.68,"Fri 3-6, Sat 9-12"
824,"Tezak, Cierra",91,"Horse Branch","KY",37.4,-86.7,"Sat 3-6, Thu 12-3, Mon 9-12"
825,"Kang, Thusuong",69,"Jim Falls","WI",45.1,-91.3,"Tue 3-6, Sun 6-9, Tue 12-3"
826,"Girmay, Destiny",92,"Boise","ID",43.66,-116.24,"Sun 3-6, Tue 9-12, Thu 3-6"
827,"Mulvin, Izaac",72,"Troutville","VA",37.4,-79.9,"Mon 9-12, Mon 3-6, Thu 6-9"
828,"Habte, Moira",91,"Newark","NJ",NA,NA,"Wed 9-12, Thu 6-9, Tue 9-12"
829,"Peiffer, Devin",94,"Coleraine","MN",47.29,-93.43,"Tue 6-9, Fri 3-6"
830,"Williams, Samuel",72,"Bowdon","ND",47.4,-99.7,"Sat 12-3, Mon 6-9, Sun 6-9"
831,"Rendon, Yamilex",75,"Suamico","WI",44.63,-88.02,"Mon 9-12, Fri 12-3"
832,"Gully, Albert",67,"Harrison Township","MI",42.59,-82.82,"Fri 9-12, Sat 3-6, Fri 3-6"
833,"Amyotte, Marissa",82,"Wanatah","IN",41.4,-86.9,"Mon 3-6, Mon 12-3, Mon 12-3"
834,"Cruze, Joseph",79,"Aurora","MN",47.5,-92.2,"Sat 6-9, Sun 9-12, Mon 3-6"
835,"Suzuki, Kelly",67,"Birchwood","WI",45.7,-91.5,"Mon 12-3, Sun 12-3"
836,"Duvall, Alex",83,"Clarendon","AR",34.7,-91.3,"Thu 3-6, Wed 9-12"
837,"el-Doud, Kifaaya",86,"Point Of Rocks","MD",39.28,-77.53,"Sun 9-12, Sun 9-12"
838,"Lloyd, Sierra",90,"Merry Point","VA",NA,NA,"Sat 12-3, Thu 6-9"
839,"Iron Cloud-Gresko, Jaylyn",86,"Bryant","IA",41.96,-90.34,"Tue 3-6, Fri 12-3, Wed 9-12"
840,"Richardson, Khadijha",80,"Wedderburn","OR",NA,NA,"Sun 9-12, Sat 9-12"
841,"Krantz, Joel",80,"Chicago","IL",41.99,-87.7,"Sat 12-3, Thu 3-6"
842,"al-Munir, Ramziyya",80,"Mount Solon","VA",38.4,-79.2,"Fri 6-9, Mon 6-9"
843,"Jivan, Nomin",69,"Marble Falls","TX",30.6,-98.2,"Wed 12-3, Wed 9-12, Tue 9-12"
844,"al-Ebrahimi, Azeeza",66,"Cottonwood","CA",40.4,-122.4,"Thu 12-3, Tue 9-12, Tue 6-9"
845,"al-Yacoub, Saami",73,"Talladega","AL",NA,NA,"Wed 12-3, Tue 3-6"
846,"Dinae, Marilu",68,"Franklin","WV",38.6,-79.4,"Thu 3-6, Fri 9-12, Tue 3-6"
847,"Powell, Samuel",89,"San Antonio","TX",NA,NA,"Sun 9-12, Tue 3-6, Wed 6-9"
848,"al-Karim, Haala",90,"North Benton","OH",40.98,-81.04,"Thu 6-9, Tue 6-9, Tue 9-12"
849,"Rains, Zachary",66,"Scotia","CA",40.46,-124.02,"Fri 9-12, Wed 12-3, Thu 12-3"
850,"Nguyen, Julian",80,"Des Moines","IA",NA,NA,"Wed 3-6, Thu 12-3, Tue 3-6"
851,"el-Basher, Afeefa",81,"Columbus","GA",32.54,-85.01,"Wed 3-6, Tue 6-9"
852,"Truong, Lawrence",84,"Ethel","MS",33.2,-89.5,"Thu 3-6, Sun 12-3"
853,"Mcgrath, Lukas",84,"Spring Arbor","MI",42.21,-84.57,"Fri 12-3, Fri 6-9, Wed 3-6"
854,"Clark, Regina",82,"Roundup","MT",NA,NA,"Mon 12-3, Sun 9-12, Thu 6-9"
855,"el-Fayad, Shaakira",73,"Bad Axe","MI",43.8,-83,"Fri 3-6, Fri 6-9"
856,"Maestas-Adair, Nidia",78,"Boles","AR",34.7,-94,"Tue 12-3, Thu 6-9, Sat 9-12"
857,"Mullikin, Amber",70,"Camptown","PA",NA,NA,"Mon 3-6, Wed 6-9"
858,"Richardson, Savana",68,"Exeter","NE",40.6,-97.4,"Tue 6-9, Sun 12-3, Sun 12-3"
859,"Vang, Janis",81,"Carol Stream","IL",NA,NA,"Sat 3-6, Sat 3-6"
860,"Ross, Tanner",74,"Saint Louis","MO",38.75,-90.3,"Fri 6-9, Sun 6-9"
861,"Vargas-Lobato, Ruben",71,"Caryville","TN",36.3,-84.2,"Thu 6-9, Fri 9-12, Wed 6-9"
862,"Johnson, Lexus",83,"Hadley","MI",42.9,-83.3,"Sun 6-9, Sat 12-3, Sat 6-9"
863,"Mcfadden, Jason",75,"Colorado Springs","CO",38.8,-104.6,"Thu 6-9, Sun 3-6, Mon 6-9"
864,"al-Baccus, Shafee'a",90,"Saint Louis","MO",38.67,-90.32,"Thu 12-3, Sun 12-3, Wed 6-9"
865,"Harber, Kelsey",89,"El Paso","TX",NA,NA,"Wed 3-6, Mon 9-12"
866,"Vigil, Destiny",75,"Ridgecrest","CA",35.6,-117.7,"Tue 9-12, Sat 6-9, Wed 12-3"
867,"Goosby, Jesse",77,"Denver","CO",NA,NA,"Wed 9-12, Mon 3-6, Tue 9-12"
868,"Wittkorn, Alicia",74,"Santa Cruz","NM",35.99,-106.01,"Mon 12-3, Wed 12-3"
869,"Gardner, Mercedes",88,"Punta Santiago","PR",18.17,-65.75,"Tue 9-12, Wed 3-6"
870,"Williams, Tyliesha",95,"North Las Vegas","NV",36.28,-115.12,"Wed 3-6, Mon 9-12, Wed 6-9"
871,"Salgado-Sotelo, Sarahi",79,"Duke Center","PA",41.97,-78.48,"Mon 12-3, Sat 9-12"
872,"al-Shafi, Nusaiba",80,"Jesup","GA",31.7,-82,"Fri 12-3, Thu 9-12, Thu 12-3"
873,"Davis, Maria",95,"Newhall","IA",42,-91.97,"Tue 9-12, Tue 12-3"
874,"Kunugi, Tavishi",66,"Washington","DC",NA,NA,"Wed 6-9, Sun 3-6, Mon 6-9"
875,"Garner, Geralynn",93,"Deerfield","NH",43.15,-71.25,"Thu 12-3, Mon 9-12"
876,"Meier, Mckenna",87,"Otisville","MI",43.16,-83.52,"Tue 6-9, Wed 3-6"
877,"Salway, Kimberly",92,"Eureka","CA",40.7,-124.1,"Thu 9-12, Sat 6-9, Tue 12-3"
878,"Laustsen, Tyler",90,"West Yarmouth","MA",41.65,-70.24,"Thu 12-3, Mon 9-12"
879,"Bishop, Natalie",85,"Pinopolis","SC",33.24,-80.12,"Fri 12-3, Sat 6-9"
880,"Elrod, Daniel",86,"East Templeton","MA",42.54,-72.07,"Fri 3-6, Fri 6-9, Mon 6-9"
881,"Colten, Shaheila",84,"Dudley","NC",35.28,-78.01,"Sun 3-6, Tue 6-9"
882,"Rodriguez, Jairo",68,"Brimfield","MA",42.15,-72.2,"Mon 3-6, Wed 9-12"
883,"Ashley, Marcus",88,"Boys Ranch","TX",35.4,-102.5,"Fri 6-9, Fri 9-12, Fri 3-6"
884,"Vigil Brady, Miguel",95,"Saint Augustine","FL",30,-81.41,"Fri 6-9, Tue 12-3"
885,"Rae, Cameron",92,"Tilleda","WI",NA,NA,"Wed 12-3, Sat 12-3, Mon 9-12"
886,"Niblet, Caila",88,"Janesville","WI",42.7,-89.1,"Thu 12-3, Mon 6-9, Tue 12-3"
887,"Mcbee, Ryann",70,"Humboldt","NE",40.1,-95.9,"Thu 6-9, Thu 3-6, Tue 6-9"
888,"el-Haider, Maa'iz",92,"Geary","OK",35.7,-98.4,"Tue 6-9, Tue 12-3"
889,"al-Khatib, Zaitoona",72,"Baker","FL",30.9,-86.7,"Sun 6-9, Sat 6-9, Thu 3-6"
890,"Vo, Michael",78,"Gary","WV",37.359,-81.549,"Sat 9-12, Thu 3-6, Wed 3-6"
891,"Harris, Angela",88,"Harrisonburg","LA",31.8,-91.9,"Sun 9-12, Tue 6-9, Wed 9-12"
892,"Morris, J'Kahra",93,"Winamac","IN",41,-86.6,"Wed 3-6, Wed 3-6, Fri 12-3"
893,"Ortiz, Jensen",65,"Ely","MN",48,-92.1,"Sun 3-6, Sun 9-12, Thu 3-6"
894,"Hooker, Kaylie",79,"Northbrook","IL",NA,NA,"Thu 6-9, Fri 6-9, Wed 12-3"
895,"Graham, Rachel",65,"South Windham","CT",41.67,-72.15,"Mon 12-3, Thu 9-12, Thu 6-9"
896,"Rodriguez, Shanelle",90,"North Dartmouth","MA",41.7,-71,"Wed 12-3, Thu 3-6"
897,"al-Riaz, Asmaa",66,"Koyukuk","AK",64.9,-157.6,"Mon 6-9, Thu 3-6"
898,"Garcia, Maria",92,"Hurt","VA",37.07,-79.29,"Fri 6-9, Wed 3-6, Thu 6-9"
899,"al-Hamdan, Adhraaa",90,"Hyattville","WY",44.3,-107.6,"Sat 9-12, Sun 9-12, Wed 3-6"
900,"Hernandez, Stephanie",92,"Rains","SC",NA,NA,"Sun 9-12, Sun 9-12, Mon 9-12"
901,"Giehm, Katherine",68,"Jay","ME",44.52,-70.22,"Thu 6-9, Sun 9-12"
902,"Jacket, Talea",69,"Beloit","OH",40.9,-81,"Sat 3-6, Mon 6-9"
903,"el-Ghazal, Masood",86,"Swanlake","ID",42.32,-112.01,"Sat 3-6, Fri 3-6, Fri 3-6"
904,"el-Jamal, Jasra",69,"Vina","AL",34.4,-88.1,"Fri 9-12, Wed 3-6, Sat 3-6"
905,"al-Hassan, Baheej",70,"New Goshen","IN",39.58,-87.461,"Sat 3-6, Thu 6-9, Thu 12-3"
906,"Romero, Alvaro",92,"Kealia","HI",22.12,-159.31,"Fri 9-12, Fri 3-6"
907,"Greninger, Laura",95,"Line Lexington","PA",40.3,-75.25,"Sat 6-9, Tue 6-9, Mon 6-9"
908,"Nguyen, Alexandra",65,"Somers","IA",42.41,-94.44,"Mon 3-6, Tue 12-3, Tue 12-3"
909,"Ruybal, Eric",91,"Gibson","PA",NA,NA,"Fri 9-12, Tue 9-12, Sun 6-9"
910,"Gosnell, Tyler",84,"San Jose","CA",37.31,-122,"Fri 12-3, Wed 9-12, Thu 3-6"
911,"Chavez, Christopher",87,"Wauconda","WA",48.8,-118.9,"Sat 9-12, Sat 6-9"
912,"Brown, Miriah",86,"Hankins","NY",41.84,-75.07,"Sun 12-3, Fri 9-12"
913,"Revera-Barajas, Lilian",75,"Springfield","IL",NA,NA,"Tue 3-6, Mon 9-12, Sun 9-12"
914,"Ramos, George",81,"Atlantic City","NJ",NA,NA,"Sat 6-9, Fri 6-9, Fri 6-9"
915,"Lamping, David",74,"Orlando","FL",NA,NA,"Tue 12-3, Mon 9-12, Sat 12-3"
916,"Laracuente-Lopez, Nancy",95,"Newell","IA",42.6,-95,"Thu 9-12, Mon 3-6"
917,"Gonzalez, Mariah",76,"Tulsa","OK",36.13,-95.87,"Fri 6-9, Sun 12-3, Mon 12-3"
918,"el-Mattar, Muhaajir",86,"Magness","AR",35.726,-91.494,"Thu 6-9, Fri 12-3, Fri 6-9"
919,"Walter, Jack",69,"Winchester","CA",33.6,-117.1,"Thu 6-9, Sun 3-6"
920,"Whitmore, Jessica",90,"Mohegan Lake","NY",41.31,-73.85,"Sat 3-6, Mon 3-6, Tue 6-9"
921,"Bell, Austin",74,"Des Moines","IA",41.6,-93.67,"Fri 12-3, Sun 3-6, Wed 9-12"
922,"el-Rahman, Katheer",78,"Bloomsdale","MO",38.1,-90.2,"Sat 9-12, Wed 6-9"
923,"al-Ameen, Naseera",94,"Amigo","WV",37.6,-81.35,"Tue 6-9, Fri 3-6, Sun 6-9"
924,"Stott, Miguel",79,"Baltimore","MD",39.32,-76.57,"Fri 6-9, Wed 12-3"
925,"Waller, Jendajia",94,"Lawndale","NC",35.5,-81.6,"Wed 12-3, Fri 6-9"
926,"Tovar, Austin",72,"Romney","WV",39.3,-78.7,"Sun 12-3, Sat 6-9"
927,"Charley, Kenneth",68,"Dennison","OH",40.43,-81.29,"Wed 6-9, Thu 12-3"
928,"Mukes, L'Chele",71,"Pocahontas","MS",NA,NA,"Wed 6-9, Wed 3-6"
929,"Dee, Reiana",85,"Beaman","IA",42.23,-92.82,"Fri 6-9, Fri 12-3, Mon 3-6"
930,"Maes, Joseph",95,"Hammond","IN",NA,NA,"Tue 3-6, Thu 9-12"
931,"Luong, Jason",71,"Wilson","WI",44.92,-92.2,"Sat 3-6, Sun 3-6"
932,"al-Salek, Miqdaad",83,"Galveston","IN",40.6,-86.3,"Thu 9-12, Sat 6-9, Tue 6-9"
933,"al-Khalaf, Saabiqa",72,"Fosters","AL",33.08,-87.67,"Sat 12-3, Thu 9-12, Mon 6-9"
934,"Hatch-Jackson, Anthony",94,"Reno","NV",39.5,-119.9,"Thu 6-9, Mon 6-9"
935,"Mollard, Samuel",87,"Fort Duchesne","UT",40.3,-109.86,"Tue 6-9, Tue 3-6, Sun 9-12"
936,"al-Sani, Nadheera",70,"Hatchechubbee","AL",32.3,-85.3,"Fri 9-12, Fri 6-9, Mon 3-6"
937,"Holm, Felicia",79,"Halma","MN",48.7,-96.6,"Sat 9-12, Wed 6-9, Sun 3-6"
938,"Babcock, Valentina",77,"Linneus","MO",39.9,-93.2,"Wed 9-12, Thu 9-12"
939,"al-Amer, Amjad",80,"San Francisco","CA",NA,NA,"Fri 9-12, Fri 3-6, Thu 9-12"
940,"el-Habib, Naseera",74,"Redford","NY",44.62,-73.8,"Fri 9-12, Sat 9-12"
941,"Ehr, Ariannah",77,"Luthersburg","PA",41.03,-78.72,"Sat 9-12, Fri 12-3, Mon 6-9"
942,"Quan, Adam",89,"Little Falls","NY",43.1,-74.9,"Tue 3-6, Wed 6-9, Sat 9-12"
943,"Loeffler, Grant",81,"Shamrock","OK",35.911,-96.576,"Sun 9-12, Sun 9-12, Mon 12-3"
944,"Hall, Christian",67,"Royal Oak","MI",NA,NA,"Sun 12-3, Wed 12-3, Sun 9-12"
945,"Crockett, Roshanda",87,"Livingston","MT",45.5,-110.5,"Sun 12-3, Wed 9-12, Fri 9-12"
946,"al-Massoud, Hamna",68,"Columbia","NJ",41,-75,"Fri 9-12, Sun 9-12"
947,"Tafoya, Jamie",91,"Winsted","CT",42,-73.1,"Mon 9-12, Fri 6-9, Sat 12-3"
948,"Reiter, Cailee",74,"Jerome","PA",40.206,-78.989,"Mon 12-3, Sun 12-3"
949,"Burch, Cyrus",86,"Sumter","SC",NA,NA,"Mon 3-6, Thu 12-3"
950,"Cargill, Jazzlynn",69,"Prescott Valley","AZ",NA,NA,"Thu 9-12, Fri 3-6"
951,"Wright, Katherine",86,"Corona","CA",33.83,-117.51,"Wed 3-6, Fri 12-3"
952,"Wilcox, Stevie",78,"Tamaroa","IL",38.1,-89.2,"Sat 9-12, Mon 3-6, Tue 3-6"
953,"Rivera, Yeni",92,"Valley Forge","PA",NA,NA,"Wed 3-6, Wed 6-9"
954,"al-Hanif, Saabiqa",72,"Rutherford","TN",36.1,-89,"Mon 9-12, Wed 3-6"
955,"el-Kazmi, Muhammad",82,"Thoreau","NM",35.6,-107.7,"Thu 6-9, Sat 12-3"
956,"Mason, Latyle",74,"Mount Ephraim","NJ",39.89,-75.09,"Fri 12-3, Tue 12-3"
957,"Schimmelpfenneg, Jeffrey",72,"Henrico","VA",37.59,-77.57,"Sat 6-9, Tue 12-3, Thu 9-12"
958,"Tobar, Jessie",90,"Crawfordville","FL",30.2,-84.3,"Tue 3-6, Wed 12-3"
959,"Deherrera Jr, Araceli",67,"Cottonwood","MN",44.6,-95.7,"Sat 12-3, Mon 6-9, Fri 12-3"
960,"Dickhausen, Austin",94,"Fort Ogden","FL",NA,NA,"Sun 6-9, Mon 6-9, Sat 6-9"
961,"Morphet, Itzel",77,"Scottsdale","AZ",NA,NA,"Sat 12-3, Sat 12-3"
962,"Kaiser, Paris",82,"Tucson","AZ",32.2,-111,"Mon 9-12, Mon 9-12, Mon 3-6"
963,"Hamilton, Marshall",65,"Earp","CA",34.3,-114.3,"Sun 12-3, Wed 12-3, Tue 3-6"
964,"Truong, Xin Hong",78,"Spring Church","PA",40.62,-79.43,"Sun 6-9, Sat 6-9"
965,"el-Salehi, Mufeeda",79,"Drexel Hill","PA",39.95,-75.31,"Mon 9-12, Fri 12-3, Sat 9-12"
966,"Harrison, Alexis",89,"Kansas City","MO",39.08,-94.58,"Sun 12-3, Sat 12-3"
967,"Cloud, Marissa",89,"Cook","MN",47.8,-92.9,"Mon 3-6, Thu 9-12"
968,"Davis, Matthew",94,"Mc Alpin","FL",30.1,-83,"Thu 3-6, Tue 3-6"
969,"Doh, Lakim",85,"Pittsfield","PA",41.8,-79.4,"Wed 3-6, Fri 3-6"
970,"al-Beshara, Ariyya",79,"Frederick","OK",34.5,-99,"Thu 12-3, Wed 6-9"
971,"Bryant, Matiyassa",71,"La Plata","MD",38.5,-77,"Sun 9-12, Fri 6-9"
972,"Cole-Giggey, Crystal",87,"Richmond","VA",37.42,-77.44,"Fri 12-3, Mon 6-9"
973,"Vigil, Alondra",67,"Augusta","MO",38.61,-90.88,"Wed 9-12, Mon 9-12, Fri 9-12"
974,"Chaffin, Krislynn",86,"East Boothbay","ME",43.84,-69.59,"Sun 9-12, Wed 12-3"
975,"Porras Barrientos, Alex",85,"South Charleston","OH",39.8,-83.7,"Thu 9-12, Tue 3-6, Mon 3-6"
976,"el-Sharif, Husain",84,"Birmingham","AL",NA,NA,"Sun 6-9, Sun 6-9"
977,"Haltom, Sierra",93,"Dayton","OH",39.68,-84.16,"Sat 3-6, Wed 3-6, Tue 3-6"
978,"Lenh, Hea",85,"Eagle Bend","MN",46.1,-95.1,"Sun 9-12, Sat 9-12, Thu 9-12"
979,"el-Zakaria, Ghuzaila",65,"Houston","TX",NA,NA,"Mon 9-12, Tue 12-3"
980,"Chee, Matthew",70,"Chandlerville","IL",40,-90.2,"Sun 6-9, Mon 12-3"
981,"Vigil, Rochell",77,"Potsdam","NY",44.6,-74.9,"Mon 12-3, Thu 6-9"
982,"Pepper, Rebekah",70,"Van Meter","IA",41.5,-93.9,"Mon 3-6, Sat 12-3"
983,"Johnson, Cydnie",80,"Indio","CA",33.7,-116.23,"Wed 9-12, Mon 9-12, Sun 6-9"
984,"Simbolon, Monica",77,"Shamokin","PA",40.8,-76.6,"Mon 12-3, Mon 12-3, Mon 9-12"
985,"el-Hamad, Faarooq",84,"San Bernardino","CA",NA,NA,"Sun 9-12, Mon 3-6, Fri 12-3"
986,"Ford, Connor",92,"Bay City","OR",45.6,-123.7,"Sat 9-12, Wed 3-6, Thu 12-3"
987,"Velazquez-Casias, Leopoldo",71,"Park City","MT",45.7,-109,"Wed 3-6, Mon 3-6"
988,"Diffenderfer, Alexis",84,"Wasilla","AK",NA,NA,"Wed 3-6, Sat 3-6"
989,"Thompson, Celia",93,"Charlotte","NC",35.1,-81,"Thu 3-6, Sun 3-6"
990,"Ortega, Oscar",95,"Olmstedville","NY",43.8,-73.9,"Mon 9-12, Tue 12-3"
991,"Harmon, Ashley",86,"Bryantsville","KY",NA,NA,"Sun 3-6, Tue 6-9"
992,"Aragon, Karen",85,"Springfield","MA",NA,NA,"Mon 12-3, Sat 3-6, Wed 9-12"
993,"Brown, Magdalena",71,"Knob Noster","MO",38.8,-93.6,"Mon 6-9, Tue 9-12"
994,"Hickman, Riley",82,"Bullard","TX",32.1,-95.3,"Mon 6-9, Fri 9-12"
995,"Acosta, Dylan",95,"Cleves","OH",39.2,-84.74,"Thu 12-3, Mon 3-6, Tue 12-3"
996,"Mascarenhas, Elizabeth",85,"Milroy","MN",44.42,-95.54,"Mon 6-9, Wed 6-9"
997,"el-Wali, Hamad",79,"Cedar Rapids","IA",NA,NA,"Mon 9-12, Sat 3-6, Sat 12-3"
998,"Li, Cheryl",94,"Lexington","KY",NA,NA,"Fri 9-12, Fri 9-12"
999,"Lynch, Joshua",72,"Berea","KY",37.6,-84.2,"Sat 12-3, Thu 3-6, Fri 6-9"
1000,"Long, Travis",94,"Saint Albans","WV",38.37,-81.83,"Sun 9-12, Tue 6-9"
