volunteer_id,lat,lng,availability,radius_willingness,cluster
1,38.93,-77.03,"Thu 9-12, Mon 9-12, Mon 3-6",12,1
2,41.69,-71.91,"Mon 12-3, Sat 12-3, Tue 12-3",30,4
3,38.87,-77.03,"Fri 6-9, Mon 9-12",18,1
4,NA,NA,"Thu 9-12, Sun 12-3",24,NA
5,NA,NA,"Sat 3-6, Sun 6-9, Fri 6-9",20,NA
6,41.23,-96.19,"Mon 3-6, Sun 6-9, Sun 3-6",17,4
7,39.466,-82.745,"Wed 12-3, Tue 6-9",30,2
8,42.2,-96.1,"Thu 3-6, Wed 3-6",21,4
9,39,-112.6,"Tue 3-6, Mon 6-9, Sun 6-9",26,4
10,39.2,-75.6,"Tue 12-3, Tue 12-3, Tue 12-3",29,2
11,42.65,-72.83,"Sun 9-12, Sun 9-12",25,4
12,31.9,-94.1,"Mon 9-12, Fri 3-6, Sat 9-12",12,1
13,42.72,-70.98,"Sun 9-12, Fri 3-6, Mon 3-6",16,4
14,NA,NA,"Tue 3-6, Sun 9-12, Wed 6-9",30,NA
15,41.94,-87.66,"Sat 9-12, Sat 9-12",14,4
16,NA,NA,"Tue 12-3, Fri 9-12",12,NA
17,NA,NA,"Fri 9-12, Wed 9-12, Thu 12-3",17,NA
18,32.9,-107.6,"Sat 12-3, Thu 3-6, Mon 6-9",17,2
19,43.9,-121.3,"Wed 12-3, Tue 12-3",22,4
20,43.9,-72.1,"Tue 9-12, Sat 9-12",13,2
21,NA,NA,"Mon 6-9, Fri 12-3",18,NA
22,33.83,-117.62,"Mon 6-9, Thu 6-9, Sat 12-3",14,4
23,36,-94.4,"Mon 12-3, Wed 3-6",22,4
24,NA,NA,"Thu 3-6, Tue 9-12, Fri 9-12",14,NA
25,41.7,-74.7,"Fri 12-3, Mon 3-6, Thu 12-3",19,3
26,48.0927,-93.9404,"Wed 6-9, Sat 12-3",17,4
27,40.1,-76.19,"Fri 12-3, Tue 6-9",22,4
28,NA,NA,"Mon 9-12, Tue 12-3, Mon 3-6",27,NA
29,38.534,-81.036,"Fri 6-9, Wed 12-3",20,4
30,NA,NA,"Sun 12-3, Wed 9-12",23,NA
31,45.8,-119.2,"Tue 3-6, Tue 9-12, Tue 12-3",12,2
32,35.7,-78.9,"Sat 9-12, Fri 9-12, Tue 12-3",18,4
33,NA,NA,"Thu 9-12, Sat 12-3, Thu 12-3",11,NA
34,46.1,-97.6,"Sat 9-12, Sun 12-3",28,4
35,35.1,-96.8,"Wed 3-6, Sun 6-9, Thu 12-3",15,3
36,40.9,-75.2,"Sun 6-9, Sun 12-3",29,2
37,36.6,-100.6,"Wed 12-3, Tue 6-9",18,4
38,NA,NA,"Wed 3-6, Sun 3-6, Thu 9-12",21,NA
39,36.5,-84.6,"Sat 12-3, Sat 3-6",19,4
40,44.5,-91.9,"Sat 6-9, Thu 6-9",19,4
41,36,-84.4,"Wed 12-3, Thu 9-12",28,4
42,30.825,-94.426,"Sun 12-3, Tue 6-9",12,4
43,37,-86.2,"Sat 3-6, Wed 12-3",27,4
44,33.9,-92.8,"Thu 6-9, Fri 6-9",24,4
45,39.41,-80.46,"Mon 12-3, Sat 12-3, Sat 12-3",16,4
46,NA,NA,"Thu 9-12, Thu 6-9, Thu 12-3",22,NA
47,39.6,-89.76,"Wed 9-12, Tue 12-3, Thu 6-9",10,2
48,38.9,-83.7,"Fri 12-3, Thu 3-6, Thu 6-9",15,4
49,41.96,-87.87,"Sun 12-3, Mon 3-6",11,4
50,38.6,-119.8,"Sat 12-3, Fri 6-9",22,4
51,33.9,-81,"Mon 3-6, Mon 12-3",17,4
52,33.49,-112.17,"Tue 6-9, Sun 9-12",29,4
53,NA,NA,"Wed 3-6, Tue 9-12",29,NA
54,39.84,-74.96,"Mon 3-6, Thu 12-3, Fri 12-3",20,3
55,40.5,-94.3,"Sun 12-3, Mon 12-3, Sun 3-6",24,4
56,44.1,-71.3,"Mon 12-3, Wed 9-12",18,2
57,44.1,-75.5,"Mon 12-3, Wed 3-6",26,4
58,NA,NA,"Sat 6-9, Fri 6-9",23,NA
59,43.3,-93.39,"Fri 9-12, Sat 3-6",19,4
60,47,-122.5,"Thu 3-6, Fri 3-6",16,4
61,31.24,-82.36,"Wed 9-12, Fri 6-9",10,2
62,NA,NA,"Wed 3-6, Sat 12-3",11,NA
63,NA,NA,"Thu 9-12, Sat 12-3, Thu 9-12",18,NA
64,35.1,-79.8,"Sat 3-6, Thu 12-3, Sun 3-6",11,3
65,NA,NA,"Mon 6-9, Mon 9-12, Fri 9-12",25,NA
66,37,-90.2,"Wed 9-12, Thu 6-9",14,2
67,38.6,-90.9,"Sun 12-3, Sun 3-6",13,4
68,42.94,-78.9,"Tue 6-9, Thu 12-3, Fri 9-12",16,3
69,39.75,-85.43,"Tue 12-3, Tue 3-6",13,4
70,33.5,-82.7,"Thu 12-3, Sun 6-9, Mon 6-9",15,3
71,33.46,-111.99,"Sun 9-12, Tue 6-9, Tue 9-12",11,2
72,39.07,-76.43,"Fri 9-12, Wed 3-6",14,4
73,39.4,-93.5,"Thu 3-6, Fri 9-12, Thu 3-6",22,4
74,42.71,-76.96,"Sat 3-6, Fri 12-3, Mon 12-3",18,4
75,41.25,-77.16,"Fri 9-12, Fri 6-9",25,4
76,42.28,-83.18,"Sun 6-9, Wed 12-3",17,4
77,NA,NA,"Wed 6-9, Mon 9-12",13,NA
78,37.95,-122.36,"Wed 12-3, Fri 3-6, Sat 3-6",18,4
79,44.1,-93.5,"Sun 6-9, Tue 9-12, Sun 12-3",11,2
80,40.57,-75.48,"Fri 12-3, Fri 9-12, Mon 12-3",27,2
81,NA,NA,"Mon 12-3, Wed 6-9",22,NA
82,39.85,-91.75,"Sat 6-9, Sun 6-9, Sat 6-9",12,4
83,42.1,-76.7,"Thu 12-3, Sat 3-6",21,3
84,39.88,-82.96,"Wed 3-6, Wed 3-6",22,4
85,31.2,-92.79,"Wed 12-3, Thu 6-9, Sat 3-6",12,4
86,NA,NA,"Tue 12-3, Mon 9-12",19,NA
87,34.08,-117.26,"Tue 12-3, Sat 3-6, Fri 3-6",27,4
88,18.1,-66.35,"Thu 9-12, Fri 12-3, Sat 12-3",15,4
89,40.16,-79.82,"Thu 6-9, Wed 6-9, Sat 6-9",22,4
90,40.4,-81.8,"Thu 9-12, Mon 3-6, Sat 12-3",17,4
91,NA,NA,"Mon 6-9, Fri 6-9, Fri 12-3",26,NA
92,37.86,-81.1,"Fri 6-9, Mon 12-3, Thu 6-9",27,4
93,NA,NA,"Sat 6-9, Wed 12-3, Sat 6-9",20,NA
94,37.9,-75.5,"Sun 12-3, Mon 3-6, Sat 9-12",27,4
95,NA,NA,"Mon 6-9, Thu 12-3",14,NA
96,38.13,-108.28,"Mon 12-3, Sat 12-3",30,4
97,40.09,-75.15,"Wed 12-3, Sun 12-3, Sat 12-3",28,4
98,35,-91.6,"Tue 9-12, Tue 9-12",29,2
99,NA,NA,"Fri 9-12, Thu 3-6",23,NA
100,NA,NA,"Wed 9-12, Sat 6-9, Tue 3-6",14,NA
101,42.64,-73.74,"Sun 6-9, Tue 6-9",28,4
102,34.09,-83.41,"Tue 9-12, Mon 3-6",28,2
103,NA,NA,"Thu 6-9, Tue 6-9, Sun 9-12",11,NA
104,28.4,-96.6,"Wed 9-12, Thu 9-12, Sat 9-12",12,2
105,39.1,-120.8,"Tue 9-12, Wed 3-6",24,2
106,30.4,-85.4,"Fri 6-9, Wed 3-6, Mon 12-3",23,4
107,NA,NA,"Wed 9-12, Fri 6-9, Sat 12-3",27,NA
108,40.8,-84.3,"Sat 3-6, Thu 6-9, Fri 9-12",19,4
109,33.8,-105.3,"Sat 12-3, Fri 12-3",18,4
110,37.26,-121.93,"Fri 3-6, Tue 3-6",26,4
111,47.4,-97,"Sat 12-3, Thu 3-6",12,4
112,37.77,-83.64,"Sun 12-3, Wed 6-9, Mon 6-9",22,4
113,38.6,-94.3,"Wed 12-3, Fri 6-9",17,2
114,NA,NA,"Sun 6-9, Wed 3-6",15,NA
115,42.5,-97.1,"Tue 3-6, Sun 3-6",19,4
116,39.93,-74.54,"Tue 12-3, Wed 12-3",17,4
117,NA,NA,"Sat 6-9, Tue 9-12, Thu 12-3",10,NA
118,40.7,-73.83,"Tue 12-3, Wed 3-6, Mon 3-6",25,4
119,NA,NA,"Sat 3-6, Sun 9-12, Sat 3-6",18,NA
120,41.87,-87.82,"Wed 6-9, Thu 9-12",24,4
121,36.12,-106.01,"Sun 3-6, Wed 12-3",16,2
122,42.5,-122.6,"Thu 3-6, Thu 12-3",11,3
123,41.61,-87.55,"Sat 9-12, Thu 6-9, Fri 12-3",20,2
124,40.66,-74.3,"Sun 9-12, Sun 9-12",26,2
125,40.6,-122.1,"Mon 9-12, Tue 6-9",18,1
126,37.84,-93.11,"Wed 6-9, Thu 3-6, Sun 9-12",22,4
127,32.59,-96.96,"Tue 6-9, Thu 12-3, Tue 9-12",29,3
128,38.6,-77.7,"Tue 6-9, Tue 12-3",12,4
129,34,-90.8,"Thu 12-3, Fri 9-12",26,3
130,68.4,-166.6,"Sun 9-12, Sun 3-6, Fri 12-3",15,2
131,36.16,-83.03,"Thu 6-9, Fri 3-6",18,4
132,30.9,-99.8,"Sun 9-12, Sun 3-6",20,4
133,17.98,-66.92,"Wed 12-3, Wed 6-9, Tue 6-9",13,4
134,35.113,-107.88,"Mon 3-6, Wed 3-6, Thu 9-12",11,4
135,NA,NA,"Sat 6-9, Sun 9-12",17,NA
136,39.1,-90,"Tue 9-12, Mon 3-6",26,2
137,43.7,-92.4,"Wed 9-12, Wed 12-3",24,2
138,40.62,-73.97,"Tue 9-12, Sat 3-6, Thu 6-9",24,2
139,NA,NA,"Thu 9-12, Thu 3-6",19,NA
140,40.103,-105.173,"Wed 9-12, Sat 6-9",18,2
141,NA,NA,"Fri 6-9, Fri 9-12",30,NA
142,NA,NA,"Fri 3-6, Mon 3-6, Thu 9-12",18,NA
143,31.1,-95.1,"Sat 9-12, Tue 12-3",29,4
144,41.75,-70.07,"Mon 6-9, Thu 12-3, Thu 6-9",12,3
145,39.32,-94.58,"Thu 3-6, Fri 3-6",30,4
146,40.71,-76.91,"Mon 9-12, Sun 6-9",15,1
147,32.3,-89,"Thu 3-6, Sun 9-12, Mon 9-12",10,1
148,39.98,-76.38,"Mon 6-9, Tue 9-12",22,2
149,39.06,-95.68,"Tue 6-9, Tue 3-6",25,2
150,47.5,-100.7,"Wed 6-9, Thu 9-12",16,4
151,NA,NA,"Fri 3-6, Tue 9-12",25,NA
152,30.41,-87.22,"Thu 12-3, Mon 12-3, Fri 6-9",27,3
153,35.48,-85.7,"Sun 12-3, Fri 3-6, Fri 3-6",22,4
154,39.3,-94.4,"Sun 9-12, Sat 9-12",11,4
155,39.9,-76.33,"Sun 12-3, Fri 3-6, Thu 6-9",25,4
156,NA,NA,"Tue 12-3, Tue 6-9, Sat 12-3",25,NA
157,48.9,-103.5,"Mon 12-3, Mon 9-12, Sat 6-9",22,1
158,39.64,-83.41,"Mon 12-3, Sat 6-9",11,4
159,34.17,-118.24,"Sun 9-12, Thu 6-9, Tue 3-6",22,4
160,NA,NA,"Tue 3-6, Thu 9-12",19,NA
161,47.96,-97.38,"Mon 9-12, Fri 12-3",26,1
162,NA,NA,"Wed 3-6, Thu 12-3",26,NA
163,NA,NA,"Thu 6-9, Fri 12-3",16,NA
164,NA,NA,"Thu 9-12, Sun 3-6",13,NA
165,NA,NA,"Sat 6-9, Mon 9-12",13,NA
166,43.4,-75.8,"Thu 9-12, Sat 3-6",25,4
167,41.63,-72.37,"Thu 9-12, Thu 12-3, Tue 9-12",23,3
168,38.14,-76.41,"Wed 3-6, Sun 12-3",26,2
169,36.9,-79.2,"Thu 6-9, Thu 12-3",17,3
170,38.22,-80.7,"Mon 12-3, Mon 9-12",20,1
171,41.2,-87.3,"Mon 9-12, Fri 3-6, Tue 6-9",19,1
172,NA,NA,"Sat 12-3, Sat 6-9, Sat 9-12",11,NA
173,NA,NA,"Sat 6-9, Tue 12-3, Thu 12-3",12,NA
174,41.397,-96.209,"Wed 12-3, Wed 6-9",25,4
175,39.49,-81.9,"Sun 12-3, Sat 3-6, Wed 12-3",23,4
176,NA,NA,"Tue 6-9, Fri 3-6",27,NA
177,40.1,-74.11,"Sun 3-6, Wed 3-6",12,4
178,47.7,-92.8,"Tue 9-12, Tue 3-6",14,2
179,41.3,-74.2,"Wed 6-9, Fri 12-3, Sun 9-12",21,4
180,42.21,-83.2,"Wed 6-9, Sun 9-12, Sat 6-9",24,2
181,37.9,-82,"Fri 12-3, Tue 9-12, Sun 6-9",26,2
182,38.9,-120.91,"Wed 12-3, Wed 9-12, Fri 12-3",23,2
183,43.8,-91.8,"Thu 9-12, Wed 6-9",20,4
184,42.41,-83.05,"Fri 12-3, Sun 9-12",11,4
185,32.9,-86.9,"Sun 9-12, Fri 12-3, Wed 9-12",26,2
186,36.3,-87.4,"Sun 9-12, Sat 3-6",22,4
187,32.95,-117.2,"Fri 9-12, Sun 9-12",21,4
188,33.9,-87.8,"Tue 3-6, Fri 12-3",26,4
189,NA,NA,"Sat 9-12, Sun 9-12, Sat 6-9",22,NA
190,NA,NA,"Sun 9-12, Mon 3-6",25,NA
191,43.23,-77.66,"Mon 3-6, Mon 3-6, Thu 3-6",15,4
192,38.55,-95.12,"Sun 3-6, Sat 12-3, Sun 12-3",23,4
193,26,-81.5,"Thu 9-12, Thu 6-9, Thu 12-3",21,3
194,29.1,-95.7,"Wed 9-12, Wed 6-9, Tue 9-12",28,2
195,NA,NA,"Mon 12-3, Tue 9-12",11,NA
196,36.06,-115.09,"Tue 6-9, Wed 9-12",12,2
197,NA,NA,"Tue 3-6, Tue 9-12, Wed 6-9",12,NA
198,38.978,-79.95,"Mon 3-6, Thu 6-9, Tue 9-12",25,2
199,34.6,-94.9,"Fri 6-9, Tue 9-12",23,2
200,41.39,-81.44,"Mon 12-3, Sat 12-3",21,4
201,NA,NA,"Tue 9-12, Thu 9-12, Mon 6-9",30,NA
202,NA,NA,"Sun 9-12, Tue 9-12",16,NA
203,NA,NA,"Mon 3-6, Wed 3-6",26,NA
204,37.72,-94.68,"Thu 6-9, Wed 3-6",27,4
205,33.7,-101.8,"Sun 3-6, Sun 9-12, Wed 9-12",16,2
206,NA,NA,"Wed 3-6, Thu 12-3, Mon 6-9",23,NA
207,33,-88.6,"Sat 12-3, Fri 3-6",21,4
208,38,-86.2,"Tue 3-6, Tue 3-6, Wed 9-12",18,2
209,32.2,-101.9,"Sun 6-9, Tue 3-6, Mon 3-6",22,4
210,35.6,-78.2,"Sat 12-3, Thu 12-3, Tue 6-9",13,3
211,43.36,-85.34,"Mon 3-6, Thu 12-3, Fri 9-12",11,3
212,40.556,-83.953,"Sun 3-6, Tue 3-6",26,4
213,39.496,-121.747,"Sat 9-12, Fri 12-3",19,4
214,29.9,-95.39,"Sun 12-3, Tue 9-12, Sat 6-9",13,2
215,NA,NA,"Mon 9-12, Tue 6-9",11,NA
216,41.74,-72.69,"Mon 3-6, Tue 3-6, Sat 9-12",13,2
217,39.96,-82.96,"Fri 6-9, Fri 9-12, Mon 3-6",19,4
218,40.19,-80.56,"Wed 3-6, Mon 6-9, Fri 3-6",15,4
219,NA,NA,"Sun 12-3, Wed 3-6, Sat 6-9",28,NA
220,38.565,-122.477,"Tue 6-9, Fri 3-6",24,4
221,42.18,-71.31,"Fri 12-3, Sun 6-9, Sat 3-6",25,4
222,37.7,-95.5,"Mon 3-6, Sun 9-12",21,4
223,42.2,-88.2,"Thu 12-3, Thu 3-6",26,3
224,40.18,-74.89,"Fri 3-6, Sun 6-9",19,4
225,34.9,-83.2,"Mon 9-12, Mon 6-9, Mon 6-9",23,1
226,40.26,-80.64,"Sun 12-3, Wed 3-6",13,2
227,NA,NA,"Sat 9-12, Thu 9-12, Thu 12-3",11,NA
228,NA,NA,"Thu 12-3, Fri 3-6, Mon 3-6",26,NA
229,47.4,-115.4,"Tue 9-12, Sun 3-6, Wed 12-3",10,2
230,37.2,-119.7,"Sun 6-9, Fri 3-6, Fri 3-6",20,4
231,39.37,-87.18,"Sun 12-3, Tue 6-9, Sat 9-12",20,4
232,41.77,-84,"Sat 9-12, Mon 3-6, Wed 6-9",19,4
233,28.4,-98.6,"Mon 12-3, Fri 6-9",10,4
234,38,-122.59,"Sun 3-6, Sat 12-3",11,4
235,30.4,-87,"Sun 6-9, Thu 3-6",20,4
236,27.1,-80.3,"Sat 3-6, Thu 9-12",22,4
237,NA,NA,"Wed 12-3, Wed 9-12",12,NA
238,33.32,-111.88,"Thu 12-3, Sat 3-6",28,3
239,38.5,-82.3,"Sat 12-3, Thu 6-9",13,4
240,36.6,-86.2,"Wed 3-6, Sun 6-9",17,4
241,44.88,-72.97,"Thu 3-6, Wed 6-9",17,4
242,46.76,-122.17,"Mon 6-9, Sun 12-3, Thu 9-12",19,4
243,44.034,-75.7181,"Mon 3-6, Mon 6-9",18,4
244,32.245,-85.712,"Thu 12-3, Thu 9-12, Fri 6-9",11,3
245,NA,NA,"Sat 12-3, Wed 12-3",21,NA
246,NA,NA,"Thu 6-9, Wed 3-6, Sat 6-9",10,NA
247,NA,NA,"Thu 12-3, Tue 9-12",26,NA
248,33.02,-96.75,"Mon 3-6, Thu 6-9",18,4
249,NA,NA,"Sun 12-3, Thu 3-6",10,NA
250,42.3,-91.5,"Sun 6-9, Tue 9-12, Sat 12-3",23,2
251,38.99,-84.65,"Sat 3-6, Sat 9-12, Sun 3-6",14,4
252,42.5,-99,"Mon 9-12, Thu 3-6, Fri 6-9",18,1
253,43.46,-93.67,"Sun 6-9, Sun 12-3, Thu 12-3",27,3
254,38.84,-78.15,"Wed 6-9, Wed 9-12, Thu 3-6",14,2
255,39.95,-79.84,"Thu 6-9, Wed 9-12",29,2
256,47.9,-89.7,"Wed 12-3, Fri 9-12, Tue 9-12",26,2
257,33.65,-85.25,"Wed 9-12, Thu 12-3, Tue 3-6",27,3
258,45.18,-68.59,"Sun 6-9, Thu 6-9, Fri 3-6",29,4
259,40.01,-88.73,"Wed 9-12, Sat 12-3, Wed 9-12",16,2
260,46.7,-88.2,"Sun 6-9, Wed 12-3",10,4
261,42.6,-90.2,"Mon 6-9, Thu 9-12",11,2
262,30.2,-82.1,"Sat 12-3, Thu 12-3",15,3
263,NA,NA,"Mon 3-6, Sun 9-12, Mon 9-12",16,NA
264,43.96,-92.52,"Mon 3-6, Thu 12-3, Sat 6-9",16,3
265,NA,NA,"Wed 6-9, Wed 9-12, Sun 3-6",25,NA
266,40.4,-90.8,"Thu 6-9, Thu 12-3, Tue 9-12",20,3
267,45.3,-113.9,"Mon 3-6, Fri 3-6",10,4
268,NA,NA,"Fri 3-6, Sun 9-12, Fri 3-6",30,NA
269,39.9,-75.04,"Tue 6-9, Mon 3-6",19,4
270,28.04,-82.39,"Thu 12-3, Wed 3-6",29,3
271,39.37,-81.45,"Mon 3-6, Tue 9-12, Fri 6-9",20,2
272,38.26,-85.46,"Sat 12-3, Sun 9-12, Fri 3-6",11,4
273,36.81,-83.25,"Mon 3-6, Wed 3-6",11,2
274,28.62,-97.81,"Sun 12-3, Mon 3-6, Mon 12-3",27,4
275,40.7,-91,"Fri 12-3, Tue 9-12, Sun 3-6",26,2
276,34.08,-118.18,"Thu 9-12, Wed 9-12, Sun 12-3",15,2
277,43.6,-89.3,"Thu 9-12, Wed 3-6, Mon 3-6",28,4
278,41.4,-77.7,"Fri 12-3, Mon 12-3",30,4
279,31.43,-100.41,"Sat 3-6, Sun 6-9",21,4
280,39.32,-120.36,"Sun 3-6, Thu 6-9, Fri 9-12",17,2
281,39.13,-84.51,"Fri 6-9, Fri 9-12, Sat 3-6",30,4
282,29.9,-94.2,"Sun 6-9, Thu 12-3, Wed 9-12",17,3
283,42.85,-82.93,"Tue 12-3, Fri 12-3",12,2
284,35.06,-106.55,"Mon 3-6, Tue 12-3, Thu 3-6",10,4
285,39,-93.4,"Mon 6-9, Sun 9-12, Mon 12-3",23,4
286,47.1,-100.3,"Sat 6-9, Mon 9-12, Thu 12-3",29,1
287,43.49,-83.97,"Tue 12-3, Thu 9-12",12,4
288,32.8,-97.19,"Sat 3-6, Tue 9-12, Mon 12-3",27,2
289,44.8,-84.2,"Mon 12-3, Wed 9-12, Sat 6-9",22,2
290,39.8,-92.9,"Mon 3-6, Tue 9-12, Fri 6-9",14,2
291,43.31,-88.03,"Sat 6-9, Thu 9-12",14,2
292,39.7,-82.9,"Sun 9-12, Sat 3-6, Thu 12-3",22,3
293,NA,NA,"Sat 3-6, Thu 6-9",22,NA
294,41.4,-88,"Mon 9-12, Wed 9-12, Mon 9-12",21,1
295,35,-106.4,"Thu 9-12, Wed 12-3",19,4
296,40.11,-88.24,"Tue 12-3, Fri 9-12, Mon 3-6",14,2
297,25.86,-80.27,"Thu 9-12, Mon 6-9, Fri 9-12",12,4
298,44.8,-96.7,"Fri 3-6, Sat 6-9",14,2
299,45.39,-89.19,"Wed 6-9, Sat 9-12",22,4
300,NA,NA,"Mon 6-9, Sat 6-9",11,NA
301,NA,NA,"Thu 9-12, Thu 12-3",29,NA
302,36.06,-76.77,"Sun 6-9, Sat 3-6",30,4
303,38.29,-75.89,"Sat 12-3, Thu 3-6",21,4
304,34.3,-86.3,"Sat 9-12, Wed 6-9, Tue 12-3",21,2
305,29.3,-97.7,"Fri 6-9, Wed 6-9, Sat 9-12",16,4
306,44.05,-69.57,"Tue 3-6, Mon 6-9",19,2
307,NA,NA,"Mon 6-9, Tue 12-3",15,NA
308,NA,NA,"Sat 9-12, Thu 12-3, Fri 9-12",30,NA
309,34.83,-82.46,"Tue 3-6, Wed 3-6, Tue 9-12",13,2
310,43.45,-92.75,"Thu 3-6, Sat 6-9, Sat 9-12",20,4
311,44.6,-68.7,"Tue 12-3, Mon 12-3, Wed 9-12",10,2
312,29.52,-98.61,"Tue 6-9, Mon 9-12",19,1
313,42.2,-76.5,"Sun 6-9, Fri 12-3",24,4
314,38.3,-78,"Thu 3-6, Thu 3-6",11,2
315,45.2,-123.9,"Sun 9-12, Sun 12-3",11,4
316,NA,NA,"Fri 12-3, Sun 3-6",14,NA
317,38.33,-86.62,"Tue 9-12, Wed 9-12",13,2
318,37.24,-88.33,"Wed 12-3, Sat 9-12, Mon 9-12",19,1
319,41.11,-74.28,"Sat 6-9, Tue 9-12, Thu 12-3",20,3
320,40.5,-101.4,"Fri 6-9, Sat 9-12, Thu 3-6",23,4
321,38.1,-122.25,"Sat 6-9, Wed 12-3",30,2
322,34.5,-84.5,"Thu 6-9, Tue 3-6",12,4
323,35.2,-90.8,"Thu 3-6, Mon 3-6",15,4
324,36.9,-89.9,"Thu 12-3, Thu 12-3",12,3
325,47.3,-68.2,"Mon 9-12, Sun 3-6, Sat 12-3",30,1
326,45.8,-102.7,"Mon 12-3, Mon 6-9",21,4
327,37.1,-94.9,"Sun 3-6, Mon 12-3",28,4
328,40.43,-89.33,"Fri 9-12, Wed 12-3, Tue 3-6",27,2
329,NA,NA,"Sun 9-12, Mon 12-3",18,NA
330,43.8,-89.3,"Wed 12-3, Fri 9-12",10,4
331,NA,NA,"Sun 3-6, Sat 9-12",24,NA
332,38.48,-82.66,"Mon 12-3, Sat 9-12",27,4
333,32.87,-97.25,"Mon 12-3, Wed 12-3, Tue 3-6",20,4
334,NA,NA,"Sun 6-9, Sat 12-3",17,NA
335,46.7,-95.6,"Mon 12-3, Thu 6-9",28,4
336,40.77,-76.03,"Mon 6-9, Tue 6-9, Thu 6-9",11,2
337,33.9,-81,"Tue 9-12, Tue 3-6",16,2
338,NA,NA,"Fri 12-3, Sun 3-6, Wed 3-6",30,NA
339,48.7,-117.8,"Thu 3-6, Thu 6-9, Wed 3-6",12,4
340,40,-75.17,"Sun 6-9, Sun 9-12, Fri 3-6",10,4
341,40.84,-85.25,"Fri 3-6, Fri 9-12",12,4
342,40,-97.7,"Sat 12-3, Tue 9-12, Mon 3-6",27,2
343,38.25,-75.3,"Wed 12-3, Sat 9-12",28,4
344,35.9,-114.5,"Fri 3-6, Mon 12-3",26,4
345,40,-81.5,"Fri 6-9, Wed 9-12, Tue 6-9",13,2
346,44.8,-90.7,"Fri 12-3, Thu 6-9",26,4
347,41.8,-91.5,"Wed 9-12, Fri 6-9, Sat 3-6",22,2
348,35.5,-91.87,"Thu 3-6, Wed 12-3, Tue 3-6",27,4
349,32.14,-106.66,"Mon 3-6, Wed 9-12",19,2
350,55.55,-133.08,"Sat 3-6, Wed 3-6",23,2
351,48.9,-101.3,"Tue 12-3, Thu 3-6",10,4
352,NA,NA,"Thu 9-12, Mon 12-3",26,NA
353,29.9,-93.6,"Sun 3-6, Tue 6-9",13,4
354,35.1,-90.9,"Fri 12-3, Sun 6-9, Sun 12-3",12,4
355,NA,NA,"Thu 12-3, Tue 12-3",21,NA
356,NA,NA,"Wed 6-9, Fri 12-3, Sat 3-6",24,NA
357,41.49,-95.1,"Thu 12-3, Sun 3-6, Sat 12-3",23,3
358,18.13,-67.12,"Mon 6-9, Fri 9-12, Tue 12-3",17,4
359,32.8,-103.2,"Thu 6-9, Fri 9-12, Wed 6-9",14,2
360,38.3,-78,"Sat 6-9, Mon 3-6, Tue 9-12",24,2
361,39.9,-75.308,"Mon 6-9, Mon 9-12, Tue 9-12",24,1
362,40.5,-94.8,"Mon 6-9, Wed 12-3",29,4
363,46.8,-89.4,"Sun 3-6, Sun 3-6, Sun 9-12",29,4
364,35.38,-81.05,"Wed 6-9, Mon 9-12, Mon 6-9",27,1
365,42.3,-98.5,"Fri 6-9, Sun 6-9, Sat 3-6",13,4
366,43.2,-85.3,"Sun 6-9, Thu 3-6, Sun 3-6",27,2
367,NA,NA,"Wed 9-12, Mon 3-6",16,NA
368,41.79,-76.95,"Sat 12-3, Fri 3-6, Tue 6-9",10,4
369,31.9,-95.9,"Thu 12-3, Wed 3-6",30,3
370,34.6,-96.2,"Wed 12-3, Fri 9-12",16,4
371,NA,NA,"Fri 6-9, Thu 9-12, Sat 9-12",12,NA
372,NA,NA,"Thu 3-6, Mon 9-12, Sat 6-9",30,NA
373,40.2,-101.9,"Wed 9-12, Tue 9-12, Wed 3-6",17,2
374,29.7,-97.3,"Sun 9-12, Tue 6-9, Sun 12-3",18,4
375,40,-85.8,"Mon 9-12, Sat 12-3",22,1
376,38.4,-86.74,"Wed 9-12, Tue 12-3",26,2
377,44.3,-70.3,"Tue 6-9, Tue 12-3",16,4
378,32.5,-84.4,"Fri 9-12, Sun 3-6, Wed 9-12",25,2
379,NA,NA,"Fri 12-3, Wed 9-12, Thu 9-12",16,NA
380,33.75,-84.39,"Mon 9-12, Fri 6-9",24,1
381,32.93,-96.62,"Mon 3-6, Mon 9-12, Fri 6-9",30,1
382,27.9,-82.3,"Sun 3-6, Tue 3-6, Mon 3-6",25,4
383,36.96,-76.54,"Wed 12-3, Sat 3-6, Mon 9-12",15,1
384,36.6,-79.61,"Sun 3-6, Tue 9-12",15,2
385,43.6,-72.6,"Sat 9-12, Sun 6-9, Fri 12-3",10,4
386,40,-97.9,"Fri 6-9, Thu 6-9",30,4
387,47.31,-122,"Tue 9-12, Sat 12-3",19,2
388,43.1,-99.1,"Sat 3-6, Sat 6-9, Sat 12-3",27,4
389,33.4,-92.7,"Sun 6-9, Sat 3-6",24,4
390,44.42,-95.54,"Mon 3-6, Sat 12-3",11,4
391,42.7,-103.4,"Thu 3-6, Tue 12-3, Sat 9-12",19,4
392,45.2,-98,"Sun 12-3, Sat 12-3, Sat 12-3",18,4
393,28.9,-80.8,"Tue 6-9, Fri 12-3",25,2
394,46.28,-123.92,"Sun 9-12, Sun 9-12, Tue 6-9",18,2
395,44.7,-92.7,"Mon 9-12, Tue 3-6",12,1
396,NA,NA,"Fri 9-12, Wed 9-12, Tue 9-12",17,NA
397,41.5,-98.7,"Wed 6-9, Fri 9-12",18,4
398,NA,NA,"Fri 6-9, Wed 6-9, Thu 9-12",13,NA
399,NA,NA,"Wed 6-9, Tue 6-9",29,NA
400,NA,NA,"Tue 6-9, Sun 3-6, Thu 3-6",20,NA
401,40.92,-74.64,"Sun 12-3, Tue 3-6",25,4
402,NA,NA,"Fri 12-3, Mon 3-6",10,NA
403,43.97,-70.62,"Mon 9-12, Fri 12-3, Sat 12-3",18,1
404,32.562,-114.787,"Sat 6-9, Sat 9-12, Fri 3-6",30,4
405,40.5,-111.7,"Tue 9-12, Fri 6-9, Tue 12-3",23,2
406,30.3,-91.8,"Wed 6-9, Mon 12-3, Thu 3-6",27,2
407,37.69,-95.69,"Sat 9-12, Thu 9-12, Thu 12-3",26,3
408,28.432,-82.664,"Sat 9-12, Thu 12-3, Tue 9-12",29,3
409,38.5,-75.2,"Fri 3-6, Mon 12-3",16,4
410,38.471,-123.027,"Sun 9-12, Fri 12-3, Thu 9-12",22,4
411,35.8,-78.4,"Fri 9-12, Mon 12-3, Mon 6-9",27,4
412,35.7,-98.7,"Tue 6-9, Wed 12-3, Tue 3-6",19,4
413,33.04,-99.91,"Fri 6-9, Tue 6-9, Sun 9-12",28,4
414,21.92,-159.43,"Wed 6-9, Wed 3-6",13,4
415,40.18,-74.74,"Sun 6-9, Wed 9-12, Wed 9-12",20,2
416,29.92,-97.03,"Thu 3-6, Tue 3-6",14,4
417,37.4,-120.5,"Wed 6-9, Tue 3-6",11,4
418,44.034,-75.7181,"Wed 9-12, Thu 3-6",21,2
419,36.4,-120.09,"Fri 6-9, Wed 6-9",25,2
420,NA,NA,"Sun 12-3, Fri 12-3, Sun 12-3",10,NA
421,34.4,-114.8,"Tue 6-9, Fri 3-6, Fri 12-3",26,4
422,38.68,-120.82,"Wed 9-12, Sun 3-6",13,2
423,25.91,-80.38,"Fri 9-12, Fri 9-12, Thu 3-6",15,2
424,NA,NA,"Mon 6-9, Thu 6-9, Mon 12-3",23,NA
425,42.44,-76.81,"Tue 6-9, Sat 3-6",16,4
426,NA,NA,"Sun 12-3, Fri 6-9, Mon 3-6",16,NA
427,39.95,-74.08,"Sat 6-9, Mon 12-3, Thu 3-6",22,4
428,39.5,-74.7,"Sun 6-9, Wed 6-9, Mon 9-12",22,1
429,42.39,-72.61,"Mon 6-9, Wed 6-9, Tue 6-9",22,4
430,35.02,-78.99,"Sun 3-6, Thu 6-9",23,4
431,NA,NA,"Wed 6-9, Mon 9-12",23,NA
432,34.9,-80.7,"Wed 6-9, Thu 9-12, Sun 6-9",10,2
433,NA,NA,"Sat 12-3, Tue 9-12, Sat 9-12",10,NA
434,34.2,-118.82,"Fri 12-3, Thu 3-6",11,4
435,41.1,-80.98,"Tue 12-3, Fri 12-3",18,2
436,36.8,-76.18,"Wed 9-12, Fri 9-12, Sat 12-3",28,2
437,37.66,-76.36,"Wed 3-6, Sun 12-3",29,4
438,44.8,-111.2,"Tue 9-12, Fri 6-9, Sun 3-6",16,2
439,44.93,-93.09,"Thu 9-12, Sat 12-3, Wed 9-12",16,2
440,47.54,-122.31,"Wed 3-6, Sun 9-12, Sun 3-6",19,2
441,NA,NA,"Sun 6-9, Sat 9-12",23,NA
442,40.83,-74.24,"Sun 3-6, Sat 9-12, Sat 3-6",10,4
443,NA,NA,"Wed 9-12, Thu 3-6",28,NA
444,47.3,-117.4,"Sun 9-12, Sat 3-6, Thu 6-9",30,4
445,41.98,-72.56,"Mon 6-9, Thu 6-9",18,4
446,NA,NA,"Sun 12-3, Sun 12-3",28,NA
447,36,-83.2,"Wed 3-6, Thu 3-6",19,4
448,37.74,-81.92,"Sat 9-12, Tue 3-6",28,2
449,41.64,-71.48,"Thu 9-12, Sun 6-9, Sat 6-9",27,4
450,NA,NA,"Wed 3-6, Thu 12-3",16,NA
451,37.9,-120,"Wed 9-12, Mon 6-9",25,2
452,40.38,-74.42,"Sat 9-12, Fri 9-12, Tue 3-6",17,4
453,NA,NA,"Mon 6-9, Fri 3-6, Mon 3-6",13,NA
454,42.65,-72.83,"Mon 3-6, Sat 12-3",27,4
455,31.028,-91.936,"Wed 3-6, Mon 6-9, Sun 12-3",10,4
456,34.749,-112.115,"Thu 12-3, Fri 12-3, Tue 3-6",29,3
457,45.69,-123.89,"Mon 9-12, Sun 9-12, Sat 9-12",22,1
458,38.98,-77.08,"Wed 6-9, Thu 3-6",14,2
459,NA,NA,"Sun 3-6, Tue 12-3, Fri 12-3",26,NA
460,NA,NA,"Sun 9-12, Wed 6-9, Mon 12-3",21,NA
461,41.78,-87.67,"Wed 9-12, Thu 12-3",24,3
462,38.38,-88.52,"Thu 9-12, Wed 6-9, Sat 3-6",30,4
463,36.5,-82.9,"Wed 3-6, Fri 9-12",15,4
464,39.08,-84.55,"Mon 3-6, Sun 12-3, Fri 12-3",22,4
465,39.86,-76.76,"Tue 6-9, Sun 3-6",25,4
466,41.268,-89.121,"Wed 12-3, Sat 12-3",12,4
467,45.06,-93.38,"Thu 9-12, Fri 6-9, Thu 6-9",28,4
468,39.02,-95.42,"Sun 3-6, Tue 12-3, Wed 6-9",14,4
469,34.7,-94.8,"Fri 12-3, Sat 9-12",20,4
470,NA,NA,"Mon 6-9, Wed 6-9, Sun 9-12",30,NA
471,35.9,-86.5,"Sun 6-9, Tue 3-6, Sun 6-9",24,4
472,39.5,-86.5,"Sat 12-3, Sun 12-3, Sat 9-12",10,4
473,42.3,-84.2,"Fri 6-9, Fri 3-6, Wed 3-6",11,4
474,47.2,-95.8,"Wed 12-3, Sun 3-6, Sun 12-3",21,4
475,33,-94.6,"Mon 12-3, Sat 6-9, Fri 12-3",17,4
476,36.8,-96.3,"Sat 3-6, Sun 3-6, Tue 6-9",27,4
477,42.2,-78.6,"Sun 3-6, Mon 6-9, Sun 12-3",28,4
478,NA,NA,"Thu 9-12, Thu 3-6",18,NA
479,40.076,-79.896,"Thu 3-6, Sun 12-3, Sat 6-9",13,2
480,33.1,-92.2,"Thu 12-3, Sat 12-3, Tue 9-12",10,3
481,36.9,-100.5,"Sat 9-12, Mon 12-3",10,4
482,37.1,-85.3,"Fri 6-9, Wed 3-6",12,4
483,42.05,-76.17,"Wed 3-6, Tue 9-12, Sat 9-12",22,2
484,43.5,-113.3,"Sat 6-9, Tue 6-9, Tue 3-6",13,4
485,36.7,-87.3,"Tue 12-3, Sat 3-6, Sat 3-6",14,4
486,37.35,-89.8,"Thu 12-3, Sat 3-6, Wed 12-3",18,3
487,44.9,-70.7,"Fri 9-12, Sun 9-12, Sun 3-6",18,4
488,32.111,-101.367,"Sun 9-12, Wed 6-9",27,4
489,39.75,-85.43,"Mon 9-12, Tue 12-3, Tue 12-3",10,1
490,46.6,-68.4,"Thu 9-12, Sun 6-9",28,4
491,31.4,-83.2,"Fri 9-12, Sat 6-9",19,4
492,38.7,-121.59,"Tue 12-3, Fri 3-6",10,2
493,33.9,-117.45,"Wed 3-6, Mon 6-9",22,4
494,NA,NA,"Wed 3-6, Mon 9-12, Sat 6-9",19,NA
495,39.94,-87.45,"Sat 6-9, Mon 12-3",29,4
496,40.3,-89.5,"Mon 12-3, Fri 3-6, Sun 9-12",12,4
497,44.6,-94.1,"Sun 9-12, Sun 9-12, Fri 3-6",29,4
498,31.9,-91.4,"Sat 9-12, Sat 3-6, Mon 9-12",21,1
499,35.9,-115.9,"Fri 9-12, Fri 3-6",13,4
500,45.7,-92,"Sat 6-9, Thu 9-12",13,4
501,NA,NA,"Thu 9-12, Sun 6-9, Sat 9-12",11,NA
502,NA,NA,"Thu 3-6, Mon 12-3, Wed 6-9",30,NA
503,40.9,-104.8,"Tue 6-9, Sun 3-6, Thu 12-3",28,3
504,NA,NA,"Thu 3-6, Tue 6-9",13,NA
505,36.3,-95.3,"Tue 9-12, Sat 3-6, Sun 9-12",29,2
506,42.25,-83.14,"Mon 12-3, Sun 9-12",17,4
507,43.9,-100.7,"Sat 6-9, Sun 6-9",16,4
508,33.8,-118.11,"Fri 6-9, Mon 3-6, Sat 3-6",21,4
509,NA,NA,"Sun 3-6, Thu 12-3",22,NA
510,41.7,-71.39,"Mon 12-3, Sun 3-6",21,4
511,41.4,-82.5,"Thu 3-6, Fri 6-9",11,2
512,26.5,-81.2,"Fri 9-12, Thu 3-6, Tue 12-3",15,4
513,38.51,-76.59,"Sat 9-12, Tue 3-6",30,4
514,44.29,-88.31,"Mon 6-9, Wed 9-12, Wed 6-9",17,2
515,39.61,-98.1,"Tue 3-6, Sun 6-9",17,2
516,31.1,-104.8,"Wed 3-6, Sat 9-12",22,4
517,NA,NA,"Sun 9-12, Sat 6-9",22,NA
518,40.5,-75.3,"Sun 12-3, Tue 9-12, Mon 12-3",12,2
519,34.4,-88.5,"Sun 6-9, Thu 9-12, Tue 12-3",24,4
520,38,-121.9,"Tue 9-12, Thu 3-6, Sat 6-9",17,2
521,NA,NA,"Thu 3-6, Sun 9-12",17,NA
522,NA,NA,"Sun 6-9, Fri 12-3, Thu 9-12",20,NA
523,41.8,-88.95,"Sat 9-12, Sat 9-12, Wed 12-3",14,4
524,NA,NA,"Sun 6-9, Thu 6-9",14,NA
525,36.91,-76.14,"Mon 12-3, Thu 3-6, Fri 12-3",19,4
526,34.2,-96.8,"Sun 3-6, Sat 3-6, Sun 6-9",23,4
527,NA,NA,"Thu 9-12, Fri 12-3, Sun 12-3",14,NA
528,42.6,-70.87,"Sun 6-9, Sun 6-9, Sun 3-6",17,4
529,45.6,-122.5,"Wed 3-6, Thu 12-3, Tue 12-3",28,3
530,NA,NA,"Thu 6-9, Tue 6-9, Mon 12-3",27,NA
531,45.3,-83.7,"Wed 12-3, Tue 9-12",23,2
532,NA,NA,"Tue 6-9, Wed 12-3",27,NA
533,41.26,-75.96,"Sun 3-6, Sat 3-6, Sun 6-9",16,4
534,30.5,-96.3,"Wed 9-12, Mon 6-9, Mon 3-6",24,2
535,40.82,-73.99,"Mon 12-3, Fri 9-12, Thu 6-9",16,4
536,47.5,-94.5,"Sun 12-3, Sun 9-12, Mon 12-3",24,4
537,38.23,-85.97,"Mon 12-3, Tue 12-3, Mon 6-9",17,4
538,31.2,-91.7,"Tue 3-6, Thu 3-6, Thu 12-3",25,3
539,31.2,-87.5,"Mon 9-12, Thu 12-3, Fri 9-12",17,1
540,42.39,-72.65,"Fri 3-6, Sun 6-9",24,4
541,42.74,-76.65,"Sun 3-6, Mon 6-9",26,4
542,42.84,-93.03,"Sat 3-6, Sun 3-6",10,4
543,60.895,-162.517,"Sun 3-6, Wed 3-6, Tue 9-12",12,2
544,41.44,-74,"Wed 12-3, Wed 6-9",13,4
545,41.67,-88.22,"Tue 3-6, Sat 9-12, Wed 3-6",26,4
546,37.19,-82.79,"Mon 12-3, Thu 9-12, Fri 3-6",14,4
547,32.02,-96.91,"Thu 3-6, Fri 12-3, Sat 12-3",24,4
548,41.82,-93.99,"Fri 3-6, Wed 9-12, Sat 6-9",19,2
549,41.7,-87.71,"Wed 3-6, Thu 9-12",23,2
550,41.01,-73.94,"Tue 3-6, Mon 6-9",24,4
551,NA,NA,"Wed 6-9, Tue 9-12, Mon 6-9",30,NA
552,38.2,-105.1,"Fri 3-6, Mon 9-12, Tue 12-3",11,1
553,45.5,-117.5,"Sat 3-6, Sat 12-3",24,4
554,34.6,-83.8,"Wed 6-9, Sat 9-12, Fri 9-12",11,4
555,41.27,-89.25,"Wed 3-6, Sun 3-6, Tue 9-12",15,2
556,42.99,-78.73,"Fri 3-6, Mon 9-12, Sun 6-9",14,1
557,NA,NA,"Thu 6-9, Tue 9-12",21,NA
558,43.7,-97.8,"Mon 12-3, Tue 3-6",17,4
559,35.9,-93.9,"Wed 12-3, Fri 3-6",11,4
560,39.01,-94.59,"Tue 3-6, Sat 9-12, Fri 6-9",23,4
561,40.8,-100.8,"Mon 3-6, Sun 9-12, Mon 12-3",15,4
562,35.6,-85.9,"Wed 9-12, Tue 12-3",11,2
563,36.1,-84,"Tue 9-12, Tue 6-9",27,2
564,NA,NA,"Thu 3-6, Wed 9-12",27,NA
565,42.89,-72.41,"Wed 6-9, Tue 3-6",20,4
566,45.3,-98.4,"Tue 6-9, Fri 9-12",16,2
567,38.5,-91,"Fri 3-6, Thu 12-3, Sat 3-6",18,3
568,42.39,-88.36,"Mon 12-3, Sun 12-3",16,4
569,NA,NA,"Fri 12-3, Tue 3-6, Thu 6-9",18,NA
570,40.82,-124.05,"Fri 9-12, Mon 6-9, Sat 6-9",19,4
571,32,-97.6,"Tue 12-3, Fri 12-3, Mon 6-9",28,4
572,NA,NA,"Wed 12-3, Mon 6-9",16,NA
573,NA,NA,"Fri 6-9, Wed 6-9, Thu 12-3",18,NA
574,39.44,-77.57,"Wed 3-6, Thu 6-9, Sun 9-12",12,4
575,38.89,-77.43,"Mon 6-9, Tue 9-12, Fri 12-3",21,2
576,33.2,-86.6,"Fri 6-9, Mon 12-3, Thu 9-12",23,4
577,33.23,-97.11,"Tue 12-3, Fri 6-9, Thu 3-6",16,4
578,47.31,-122.31,"Tue 9-12, Mon 12-3",10,2
579,36.3,-88.1,"Sat 12-3, Sun 9-12",30,2
580,41.94,-72.74,"Mon 12-3, Thu 12-3, Tue 9-12",11,3
581,40.816,-76.337,"Sat 12-3, Mon 6-9, Mon 3-6",28,4
582,NA,NA,"Fri 12-3, Thu 3-6, Mon 3-6",20,NA
583,37.268,-83.212,"Thu 12-3, Sat 6-9",20,3
584,33.64,-91.21,"Sun 6-9, Mon 3-6, Sat 6-9",24,4
585,NA,NA,"Wed 9-12, Sat 6-9",23,NA
586,29.86,-82.18,"Mon 3-6, Tue 6-9",22,4
587,42.21,-87.81,"Sun 3-6, Sun 12-3, Fri 6-9",14,4
588,37.22,-82.66,"Thu 9-12, Sat 9-12, Wed 12-3",25,4
589,41.6,-89.3,"Tue 6-9, Mon 3-6, Wed 9-12",13,2
590,NA,NA,"Sat 6-9, Sun 3-6, Tue 9-12",13,NA
591,40.89,-74.62,"Sat 6-9, Wed 12-3, Mon 9-12",10,1
592,31.6,-92.4,"Fri 6-9, Fri 6-9",29,4
593,40.8,-89.4,"Fri 3-6, Tue 6-9, Sun 6-9",13,4
594,36.92,-93.31,"Thu 9-12, Wed 3-6",27,4
595,42.37,-83.11,"Tue 3-6, Mon 3-6",12,2
596,27.8,-99.5,"Fri 9-12, Thu 9-12, Sat 6-9",24,4
597,38.54,-92.38,"Sat 6-9, Tue 3-6",19,4
598,43.12,-123.54,"Mon 6-9, Thu 12-3",13,3
599,41.39,-81.73,"Mon 12-3, Mon 6-9",24,4
600,40.3,-81.5,"Mon 3-6, Sun 6-9",29,4
601,44.3,-94.5,"Sat 6-9, Mon 6-9, Wed 6-9",20,4
602,40.87,-73.53,"Sat 3-6, Wed 9-12, Mon 3-6",26,2
603,41.45,-74.07,"Tue 9-12, Fri 9-12, Tue 12-3",25,2
604,NA,NA,"Fri 3-6, Mon 12-3, Wed 3-6",28,NA
605,34.2,-86.2,"Fri 9-12, Sun 9-12",29,4
606,47.12,-122.57,"Tue 9-12, Sun 6-9",20,2
607,43.6,-110.8,"Sun 3-6, Tue 6-9, Wed 3-6",24,2
608,40.29,-79.79,"Fri 12-3, Thu 3-6",14,4
609,36.1,-81.4,"Fri 3-6, Sat 12-3",11,2
610,37.73,-122.46,"Sat 12-3, Thu 6-9, Thu 6-9",15,4
611,35.87,-94.44,"Tue 9-12, Mon 12-3, Wed 9-12",23,2
612,NA,NA,"Sun 9-12, Sun 12-3, Mon 12-3",25,NA
613,NA,NA,"Fri 9-12, Fri 6-9, Fri 6-9",17,NA
614,37,-90.1,"Wed 9-12, Thu 12-3, Tue 12-3",24,3
615,NA,NA,"Fri 9-12, Wed 12-3, Tue 3-6",18,NA
616,37,-91.9,"Wed 3-6, Sun 12-3",11,4
617,39.4,-74.83,"Wed 3-6, Thu 9-12",19,4
618,NA,NA,"Sat 6-9, Thu 3-6, Thu 6-9",22,NA
619,42.3,-73.22,"Mon 12-3, Sat 3-6",23,4
620,40.6,-111.96,"Sun 12-3, Sat 9-12, Sat 12-3",10,4
621,36.07,-91.78,"Mon 6-9, Sat 6-9, Sun 6-9",26,4
622,36.11,-115.04,"Tue 12-3, Sun 6-9, Tue 6-9",29,4
623,33.85,-83.25,"Sat 6-9, Mon 9-12, Thu 3-6",23,1
624,46.7,-118.9,"Sun 12-3, Mon 12-3",19,2
625,40.66,-74.3,"Sun 12-3, Sun 6-9, Mon 6-9",12,4
626,44.5,-104.8,"Sat 12-3, Tue 9-12",10,2
627,36,-86,"Sun 6-9, Mon 9-12, Sun 3-6",29,1
628,NA,NA,"Sat 3-6, Sat 12-3, Wed 3-6",30,NA
629,NA,NA,"Wed 12-3, Wed 6-9",24,NA
630,31.1,-91.1,"Tue 9-12, Sun 12-3, Wed 12-3",21,2
631,37.89,-122.47,"Thu 3-6, Tue 6-9, Mon 6-9",22,2
632,43.49,-83.97,"Sat 9-12, Tue 3-6",26,2
633,39.99,-76.44,"Tue 6-9, Sat 3-6",27,4
634,NA,NA,"Thu 3-6, Thu 9-12, Thu 6-9",26,NA
635,32,-90,"Thu 9-12, Sun 9-12, Fri 9-12",15,4
636,33.73,-85.77,"Sat 3-6, Mon 6-9",20,4
637,41,-95.4,"Wed 12-3, Sat 12-3",25,4
638,NA,NA,"Sat 12-3, Thu 12-3",17,NA
639,40.07,-79.45,"Tue 6-9, Fri 12-3, Wed 12-3",25,4
640,42.85,-83.29,"Sun 12-3, Mon 3-6, Thu 9-12",14,4
641,39.79,-75.57,"Mon 9-12, Thu 12-3, Thu 3-6",10,1
642,38.5,-84.8,"Sun 9-12, Sat 9-12",29,4
643,45.208,-91.679,"Tue 3-6, Sat 3-6",21,4
644,NA,NA,"Sat 12-3, Sat 9-12",12,NA
645,37.7,-85.6,"Sat 9-12, Mon 9-12, Tue 12-3",27,1
646,39.2,-86.5,"Tue 12-3, Thu 6-9",23,4
647,41.95,-73.44,"Fri 6-9, Sun 6-9",23,2
648,NA,NA,"Fri 6-9, Sat 12-3",17,NA
649,NA,NA,"Tue 3-6, Fri 12-3",29,NA
650,29.52,-98.61,"Sat 9-12, Thu 3-6",14,4
651,30.04,-95.53,"Tue 6-9, Mon 9-12, Wed 12-3",29,1
652,37.41,-82.23,"Wed 9-12, Thu 3-6, Sat 6-9",18,2
653,37.7,-94.9,"Fri 3-6, Wed 12-3, Tue 9-12",25,2
654,43.32,-83.18,"Sun 6-9, Mon 3-6",24,2
655,35.6,-119.9,"Tue 12-3, Fri 3-6",20,4
656,39.15,-77,"Thu 3-6, Mon 6-9, Tue 9-12",12,2
657,40.19,-85.39,"Fri 12-3, Tue 3-6, Sun 6-9",16,4
658,37.09,-89.17,"Wed 3-6, Fri 3-6, Sun 3-6",30,4
659,NA,NA,"Sat 9-12, Wed 6-9, Wed 9-12",14,NA
660,NA,NA,"Thu 6-9, Thu 12-3, Thu 3-6",11,NA
661,33.4,-97.7,"Fri 12-3, Sun 6-9",27,4
662,30,-100.2,"Tue 12-3, Wed 6-9",20,4
663,NA,NA,"Sun 12-3, Wed 6-9, Wed 6-9",13,NA
664,44.6,-75.2,"Tue 9-12, Mon 3-6",18,2
665,NA,NA,"Tue 6-9, Mon 9-12, Tue 12-3",10,NA
666,29.404,-96.238,"Wed 12-3, Fri 9-12, Tue 9-12",12,2
667,NA,NA,"Wed 3-6, Sat 6-9",14,NA
668,40.86,-74.05,"Mon 6-9, Sat 3-6, Sun 3-6",15,4
669,36.4,-79.17,"Mon 9-12, Mon 6-9",23,1
670,44.4,-86,"Thu 12-3, Tue 3-6",13,3
671,34.41,-117.75,"Fri 3-6, Fri 9-12",13,4
672,35.74,-93.03,"Thu 3-6, Thu 9-12, Sun 3-6",27,4
673,36.86,-119.76,"Wed 3-6, Wed 9-12, Tue 6-9",22,2
674,37.756,-117.634,"Fri 6-9, Fri 9-12",10,4
675,NA,NA,"Sat 6-9, Thu 12-3, Tue 9-12",22,NA
676,47.196,-124.196,"Mon 3-6, Sat 6-9, Tue 6-9",21,4
677,31.5,-103.6,"Tue 6-9, Wed 6-9, Wed 6-9",12,2
678,42.94,-85.62,"Mon 3-6, Fri 6-9, Thu 6-9",29,4
679,NA,NA,"Wed 9-12, Sat 3-6, Fri 12-3",17,NA
680,NA,NA,"Thu 6-9, Wed 12-3",29,NA
681,38.84,-77.06,"Sun 12-3, Mon 12-3",10,2
682,40.5,-94.2,"Sat 6-9, Wed 6-9, Mon 9-12",21,1
683,34.99,-81.82,"Tue 9-12, Thu 6-9",20,2
684,NA,NA,"Wed 9-12, Tue 9-12, Wed 3-6",22,NA
685,NA,NA,"Thu 3-6, Wed 3-6",21,NA
686,44.5,-94.5,"Thu 12-3, Fri 3-6, Sat 12-3",18,3
687,40.03,-74.95,"Fri 3-6, Thu 3-6, Sun 3-6",24,4
688,NA,NA,"Sun 12-3, Wed 9-12, Mon 9-12",15,NA
689,47.5,-111.4,"Wed 6-9, Mon 6-9",10,4
690,44.2,-88.1,"Mon 3-6, Fri 3-6",28,4
691,NA,NA,"Sat 9-12, Sat 6-9, Tue 12-3",13,NA
692,33.52,-101.77,"Fri 9-12, Wed 12-3",13,4
693,40.08,-89.96,"Tue 9-12, Sat 6-9",27,2
694,47.6,-116.5,"Tue 6-9, Thu 3-6",20,4
695,39.1,-95.1,"Fri 6-9, Tue 9-12",19,2
696,35.76,-80.39,"Thu 9-12, Fri 3-6, Tue 12-3",29,4
697,37.71,-86.3,"Sat 12-3, Sat 12-3, Tue 9-12",21,2
698,37.37,-84.8,"Mon 3-6, Wed 3-6, Mon 9-12",23,1
699,40.63,-74.12,"Sun 12-3, Tue 12-3",17,4
700,32.8,-82,"Fri 9-12, Thu 3-6",16,4
701,42.5,-89.8,"Sat 6-9, Mon 6-9, Tue 9-12",28,2
702,29.91,-95.34,"Sat 3-6, Sat 12-3",19,4
703,NA,NA,"Wed 12-3, Mon 12-3",29,NA
704,38.4,-96.7,"Wed 9-12, Thu 9-12",17,2
705,NA,NA,"Thu 9-12, Wed 3-6",27,NA
706,40.74,-75.22,"Fri 3-6, Thu 9-12",20,2
707,37.55,-85.44,"Sun 6-9, Thu 6-9, Mon 9-12",25,1
708,35.5,-77.3,"Tue 12-3, Thu 9-12, Thu 3-6",22,4
709,42.33,-83.37,"Wed 9-12, Sun 6-9, Sat 9-12",19,2
710,32.2,-97.8,"Fri 6-9, Sun 3-6",30,4
711,32.9,-90,"Tue 9-12, Sun 3-6",24,2
712,48.8,-108,"Fri 12-3, Mon 9-12",22,1
713,40.7,-93.7,"Fri 12-3, Wed 6-9",27,4
714,NA,NA,"Mon 12-3, Sat 9-12",20,NA
715,26.72,-80.09,"Thu 3-6, Sun 6-9, Mon 6-9",28,4
716,41.8759,-86.5492,"Mon 12-3, Sat 3-6",15,4
717,32.9,-105,"Mon 12-3, Wed 9-12, Wed 6-9",28,2
718,41,-92.1,"Thu 9-12, Sun 6-9, Wed 12-3",28,4
719,39.2,-96.2,"Thu 12-3, Tue 6-9",25,3
720,36.9,-83.87,"Thu 12-3, Thu 9-12",12,3
721,46.4,-124,"Tue 3-6, Fri 6-9, Sat 3-6",26,2
722,47.3,-98.2,"Fri 9-12, Wed 9-12",20,2
723,NA,NA,"Sun 6-9, Sun 3-6",18,NA
724,38.54,-81.93,"Wed 9-12, Thu 6-9, Mon 6-9",26,2
725,40.91,-72.75,"Sat 3-6, Sat 12-3, Fri 3-6",14,2
726,41.8,-91.9,"Fri 12-3, Tue 6-9",12,4
727,39.38,-85.25,"Wed 12-3, Wed 3-6",12,2
728,47.3,-116.6,"Thu 9-12, Fri 12-3, Tue 12-3",29,4
729,35.02,-85.27,"Sat 6-9, Fri 6-9, Sun 3-6",25,4
730,NA,NA,"Wed 6-9, Thu 12-3, Sat 3-6",29,NA
731,29.86,-95.3,"Thu 9-12, Wed 12-3",26,4
732,41.57,-83.43,"Tue 9-12, Mon 3-6, Mon 3-6",12,2
733,NA,NA,"Mon 9-12, Mon 12-3",10,NA
734,42.37,-71.18,"Sat 9-12, Thu 9-12",21,4
735,41.67,-70.07,"Thu 9-12, Sun 12-3",17,4
736,NA,NA,"Sat 9-12, Wed 3-6",28,NA
737,38.3,-119.9,"Fri 3-6, Fri 6-9, Mon 3-6",21,2
738,39.5,-93.2,"Mon 6-9, Sat 3-6, Tue 3-6",16,4
739,40.99,-83.25,"Tue 3-6, Wed 12-3, Mon 3-6",14,4
740,38.55,-106.9,"Sat 3-6, Sat 9-12, Wed 12-3",27,4
741,NA,NA,"Sat 9-12, Wed 3-6",21,NA
742,NA,NA,"Mon 6-9, Thu 3-6",15,NA
743,NA,NA,"Sun 9-12, Sat 6-9, Wed 12-3",10,NA
744,33.51,-86.8,"Mon 9-12, Wed 12-3",11,1
745,37.31,-122.35,"Thu 12-3, Sun 9-12",15,3
746,36.86,-119.76,"Thu 6-9, Wed 12-3",17,4
747,38.87,-84.18,"Tue 6-9, Tue 9-12, Fri 3-6",17,2
748,39.12,-91.77,"Fri 12-3, Thu 12-3, Tue 6-9",19,3
749,35.7,-109.5,"Fri 9-12, Sun 12-3, Thu 6-9",15,4
750,44.3,-84.7,"Sat 9-12, Sun 3-6",17,2
751,NA,NA,"Fri 12-3, Tue 12-3, Wed 6-9",25,NA
752,NA,NA,"Wed 3-6, Wed 12-3, Mon 6-9",13,NA
753,42.77,-77.59,"Tue 6-9, Tue 12-3",25,4
754,36.14,-115.28,"Tue 3-6, Tue 9-12",13,2
755,45,-120.1,"Sat 3-6, Sat 9-12",17,2
756,34.12,-117.85,"Sun 3-6, Mon 9-12, Thu 9-12",25,1
757,NA,NA,"Fri 6-9, Sat 3-6, Thu 6-9",26,NA
758,41.1,-74.68,"Sun 12-3, Mon 12-3",11,4
759,45.1,-85.6,"Fri 6-9, Mon 3-6, Sun 9-12",11,4
760,41.98,-75.74,"Tue 12-3, Mon 9-12",20,1
761,NA,NA,"Wed 9-12, Tue 6-9",20,NA
762,40.939,-77.787,"Thu 3-6, Sat 9-12",15,4
763,40.1,-96.8,"Fri 12-3, Tue 6-9, Wed 12-3",27,4
764,NA,NA,"Thu 9-12, Fri 3-6, Fri 6-9",13,NA
765,41.3,-74.4,"Thu 3-6, Thu 12-3",14,3
766,42.9,-99.4,"Fri 9-12, Sun 6-9",19,4
767,62,-143,"Sat 3-6, Fri 6-9",14,4
768,35.47,-97.52,"Sun 3-6, Wed 9-12, Fri 6-9",11,2
769,42.7,-88.7,"Sat 12-3, Wed 12-3, Sun 6-9",10,4
770,45.8,-122.4,"Tue 6-9, Mon 3-6",15,4
771,NA,NA,"Sun 3-6, Thu 9-12, Thu 3-6",10,NA
772,41.87,-71.02,"Fri 12-3, Mon 3-6, Sun 3-6",28,4
773,43.5,-72.58,"Wed 3-6, Thu 6-9, Mon 6-9",10,4
774,34.744,-120.28,"Thu 12-3, Fri 3-6, Mon 6-9",21,3
775,48.1,-105.2,"Mon 3-6, Mon 12-3",18,4
776,NA,NA,"Sun 6-9, Mon 3-6, Tue 12-3",14,NA
777,40.638,-78.882,"Thu 3-6, Mon 12-3",28,4
778,42.97,-87.87,"Sat 3-6, Tue 9-12, Tue 3-6",22,2
779,NA,NA,"Wed 3-6, Sat 9-12, Sun 9-12",13,NA
780,46.5,-94.9,"Sat 12-3, Sat 12-3",14,4
781,34.11,-118.23,"Thu 12-3, Fri 6-9, Sat 3-6",22,3
782,NA,NA,"Wed 3-6, Sat 3-6, Sat 6-9",17,NA
783,42.5,-95.8,"Fri 9-12, Tue 3-6, Sat 6-9",16,4
784,NA,NA,"Sat 12-3, Thu 12-3, Fri 9-12",16,NA
785,NA,NA,"Tue 3-6, Fri 12-3",24,NA
786,NA,NA,"Sat 12-3, Wed 3-6, Thu 6-9",28,NA
787,40.52,-80.04,"Wed 12-3, Sat 6-9, Tue 9-12",22,2
788,28.26,-82.52,"Sat 6-9, Sat 3-6, Sun 3-6",21,2
789,NA,NA,"Tue 6-9, Thu 3-6",27,NA
790,NA,NA,"Sat 6-9, Sat 3-6, Sun 6-9",17,NA
791,41.65,-71.15,"Fri 3-6, Tue 3-6",17,4
792,39.43,-74.88,"Wed 3-6, Sun 12-3, Wed 6-9",13,4
793,37.2079,-81.5579,"Wed 3-6, Fri 6-9, Sun 3-6",30,4
794,44.1,-70.7,"Tue 12-3, Thu 3-6",19,4
795,43.05,-115.86,"Tue 6-9, Sat 12-3, Thu 12-3",11,3
796,42.48,-72.01,"Mon 6-9, Thu 12-3",18,3
797,37.3,-78.6,"Mon 3-6, Tue 3-6",28,4
798,NA,NA,"Fri 9-12, Tue 9-12",27,NA
799,43.2,-78.6,"Sat 3-6, Fri 6-9, Wed 3-6",10,4
800,25.66,-80.41,"Fri 12-3, Sat 3-6",17,4
801,36.45,-92.33,"Sat 3-6, Mon 9-12, Wed 3-6",20,1
802,44.96,-73.44,"Tue 3-6, Thu 3-6",13,4
803,42.15,-90.97,"Sat 3-6, Sat 3-6, Mon 6-9",17,4
804,29.94,-90.3,"Tue 12-3, Sun 6-9",12,4
805,NA,NA,"Fri 6-9, Wed 12-3, Tue 3-6",13,NA
806,33.59,-88.32,"Mon 12-3, Wed 12-3",19,4
807,42,-83.7,"Thu 6-9, Tue 9-12",28,2
808,35.6,-86.7,"Mon 9-12, Fri 3-6, Sat 9-12",11,1
809,NA,NA,"Sat 9-12, Wed 9-12",17,NA
810,40.6,-78.73,"Sun 6-9, Sun 9-12",15,2
811,34.21,-118.58,"Sat 3-6, Tue 12-3, Thu 3-6",21,4
812,41.5,-91.7,"Sun 12-3, Sat 12-3",27,4
813,31.7,-90.2,"Tue 3-6, Wed 6-9, Thu 9-12",20,4
814,40.33,-75.92,"Mon 9-12, Wed 6-9",26,1
815,42.21,-77.44,"Sat 6-9, Mon 6-9, Sun 6-9",25,4
816,34.8,-116.5,"Sat 6-9, Wed 9-12",19,2
817,NA,NA,"Tue 6-9, Wed 6-9, Sat 9-12",11,NA
818,42.2,-112.5,"Thu 3-6, Thu 12-3",21,3
819,44.6,-118.1,"Wed 6-9, Fri 9-12, Fri 3-6",12,2
820,44.48,-73.2,"Tue 6-9, Fri 6-9, Fri 12-3",10,2
821,38.8,-78.7,"Sun 3-6, Fri 12-3",22,4
822,36.6,-83,"Tue 6-9, Fri 3-6",28,4
823,41.97,-73.01,"Sat 6-9, Fri 3-6, Tue 6-9",23,4
824,39.68,-77.47,"Thu 12-3, Tue 12-3, Thu 12-3",29,3
825,NA,NA,"Fri 12-3, Sun 3-6, Sun 6-9",10,NA
826,45.3,-94.3,"Fri 12-3, Sun 3-6, Thu 9-12",23,2
827,32.28,-90.23,"Sat 6-9, Sat 6-9, Sun 9-12",24,4
828,39.1822,-84.0861,"Fri 3-6, Thu 12-3",27,3
829,41.53,-93.58,"Mon 9-12, Sun 3-6",17,1
830,41.3,-88.1,"Wed 6-9, Sat 6-9, Thu 9-12",26,4
831,34,-87.9,"Fri 9-12, Fri 3-6, Sat 6-9",11,4
832,41.8,-79.4,"Fri 9-12, Mon 12-3, Sun 3-6",23,4
833,36.1,-95.2,"Thu 12-3, Tue 9-12",11,3
834,NA,NA,"Sun 12-3, Wed 12-3, Fri 6-9",27,NA
835,34.17,-118.62,"Fri 12-3, Tue 9-12",18,2
836,NA,NA,"Thu 12-3, Sat 9-12, Sun 12-3",20,NA
837,NA,NA,"Wed 3-6, Mon 9-12",18,NA
838,27.8,-81.4,"Sat 9-12, Sun 3-6, Wed 12-3",27,2
839,41.34,-79.17,"Tue 3-6, Fri 12-3",20,2
840,NA,NA,"Sun 12-3, Fri 3-6, Sat 9-12",28,NA
841,41.92,-71.44,"Tue 3-6, Sat 9-12",25,4
842,18.36,-65.97,"Mon 12-3, Wed 3-6",24,4
843,NA,NA,"Thu 6-9, Fri 3-6",29,NA
844,40.61,-74.28,"Sun 6-9, Mon 12-3, Sat 12-3",15,4
845,34.21,-118.58,"Wed 3-6, Wed 6-9",25,2
846,42.12,-72.55,"Mon 12-3, Sun 9-12, Sun 9-12",16,4
847,42.38,-84.45,"Wed 9-12, Sat 6-9, Wed 3-6",23,2
848,37.96,-80.79,"Mon 9-12, Thu 6-9, Wed 6-9",15,1
849,61.6,-149.4,"Fri 9-12, Wed 12-3",25,4
850,33.43,-112.01,"Tue 3-6, Thu 6-9, Sun 9-12",12,4
851,45.3,-117.6,"Sat 12-3, Tue 6-9",18,4
852,41.4,-99.9,"Sat 9-12, Tue 6-9",13,4
853,32.4,-110.7,"Sat 12-3, Wed 12-3",14,4
854,40.247,-76.47,"Sun 9-12, Sat 9-12, Mon 6-9",21,4
855,33.8,-118.3,"Mon 3-6, Sun 3-6",13,2
856,NA,NA,"Mon 9-12, Mon 9-12",10,NA
857,33.78,-118.26,"Wed 3-6, Thu 6-9",27,4
858,NA,NA,"Thu 3-6, Fri 3-6, Mon 9-12",14,NA
859,41.1,-120.7,"Mon 12-3, Thu 12-3",13,3
860,42.19,-72.31,"Sun 6-9, Thu 9-12",20,4
861,44,-71.6,"Sat 12-3, Sun 6-9, Sun 12-3",18,4
862,33.7,-93.7,"Tue 9-12, Fri 12-3",20,2
863,33.8,-98.5,"Sat 9-12, Sun 12-3, Mon 12-3",26,4
864,34.1,-80.5,"Sun 12-3, Thu 12-3, Mon 6-9",28,3
865,41.2,-77,"Mon 12-3, Thu 3-6, Mon 12-3",22,4
866,29.12,-82.33,"Sun 9-12, Tue 9-12",21,2
867,45.9,-109.9,"Mon 9-12, Sun 6-9",12,1
868,46.6,-120.2,"Wed 12-3, Sat 6-9",15,2
869,NA,NA,"Sun 12-3, Fri 3-6, Fri 12-3",10,NA
870,NA,NA,"Thu 6-9, Wed 9-12, Mon 12-3",22,NA
871,NA,NA,"Wed 12-3, Mon 6-9",14,NA
872,32.4,-94.7,"Sun 9-12, Mon 9-12",21,1
873,35.908,-77.276,"Tue 6-9, Sun 3-6, Mon 12-3",17,4
874,NA,NA,"Fri 6-9, Thu 12-3, Wed 9-12",19,NA
875,43.6,-83.9,"Tue 3-6, Sun 6-9",11,4
876,NA,NA,"Fri 9-12, Thu 3-6, Sat 9-12",13,NA
877,NA,NA,"Fri 9-12, Wed 6-9",16,NA
878,40.1,-99,"Fri 6-9, Sun 3-6",19,4
879,41.71,-75.79,"Thu 12-3, Sat 9-12, Sat 9-12",28,3
880,35.4,-82.2,"Tue 6-9, Fri 6-9, Sat 6-9",27,4
881,44,-86.4,"Tue 9-12, Wed 12-3",27,2
882,39.4,-77.95,"Thu 12-3, Thu 3-6, Sat 9-12",30,3
883,NA,NA,"Wed 3-6, Sat 3-6, Sat 3-6",20,NA
884,40.8,-80.4,"Sun 9-12, Sat 12-3",16,4
885,43.6,-122.5,"Sat 3-6, Wed 12-3",30,4
886,30.518,-92.184,"Fri 3-6, Sat 3-6",11,4
887,37.9,-98.1,"Fri 3-6, Fri 6-9, Wed 6-9",23,4
888,40.963,-100.067,"Thu 6-9, Sat 12-3, Wed 9-12",25,2
889,NA,NA,"Thu 6-9, Wed 3-6, Thu 6-9",19,NA
890,NA,NA,"Tue 12-3, Wed 3-6, Fri 6-9",10,NA
891,38.67,-121.38,"Fri 3-6, Sat 12-3",17,4
892,44,-94.6,"Mon 9-12, Thu 6-9",14,1
893,39.08,-91.25,"Sun 9-12, Mon 3-6",22,4
894,39.01,-94.82,"Sat 12-3, Sat 9-12, Fri 12-3",18,4
895,33.56,-84.45,"Thu 9-12, Sat 9-12",29,4
896,41.16,-89.24,"Wed 6-9, Mon 12-3, Wed 9-12",29,2
897,NA,NA,"Wed 12-3, Fri 3-6",23,NA
898,40.13,-123.85,"Fri 3-6, Sun 6-9",11,4
899,41.92,-71.44,"Wed 6-9, Thu 3-6, Sun 6-9",17,2
900,40.36,-79.73,"Sun 6-9, Fri 6-9, Mon 12-3",15,4
901,30.34,-81.85,"Fri 3-6, Sun 3-6, Wed 3-6",11,4
902,40.97,-76.18,"Thu 12-3, Mon 6-9",24,3
903,40.8,-90.2,"Sun 6-9, Tue 12-3, Tue 3-6",11,4
904,32.69,-97.13,"Fri 12-3, Tue 3-6",12,2
905,38.86,-87.1,"Thu 9-12, Thu 9-12",12,4
906,42.74,-76.65,"Wed 9-12, Sat 3-6",15,2
907,40.77,-73.74,"Sat 12-3, Sun 9-12, Fri 12-3",30,4
908,41.3,-85.8,"Wed 9-12, Sat 12-3",21,2
909,36.5,-96.7,"Tue 9-12, Sun 6-9",11,2
910,40.4,-93.3,"Tue 3-6, Sat 9-12",19,4
911,NA,NA,"Sun 9-12, Thu 3-6, Mon 9-12",13,NA
912,36.5,-87.2,"Thu 3-6, Fri 6-9, Thu 9-12",10,4
913,41.1,-80.76,"Sat 9-12, Wed 3-6",19,4
914,NA,NA,"Sun 6-9, Sun 12-3, Fri 6-9",30,NA
915,34.5,-97.9,"Thu 12-3, Sun 3-6",18,3
916,NA,NA,"Mon 9-12, Mon 9-12",29,NA
917,NA,NA,"Sun 6-9, Wed 3-6, Sat 3-6",13,NA
918,32.6,-82.8,"Wed 6-9, Sun 9-12",12,4
919,33.1,-89.5,"Sat 6-9, Mon 6-9, Sun 3-6",28,2
920,43.185,-102.735,"Wed 12-3, Thu 9-12, Sat 3-6",16,2
921,41.522,-89.914,"Thu 12-3, Mon 9-12",27,1
922,39.509,-82.169,"Sun 12-3, Mon 3-6, Wed 3-6",24,4
923,38.89,-77.05,"Mon 6-9, Fri 12-3, Fri 3-6",11,4
924,31.5,-83.6,"Thu 3-6, Sat 9-12",24,4
925,35,-78.6,"Sun 12-3, Sat 9-12",28,2
926,40.72,-79.75,"Wed 6-9, Tue 12-3",15,2
927,42.6,-77.7,"Sun 3-6, Wed 12-3, Sat 9-12",22,2
928,42.58,-83.5,"Fri 6-9, Thu 6-9, Sun 12-3",29,4
929,40.35,-83.47,"Tue 6-9, Thu 6-9, Sun 12-3",15,4
930,34.2,-88,"Fri 3-6, Mon 9-12",20,1
931,42.58,-88.14,"Mon 6-9, Thu 3-6, Wed 12-3",26,4
932,NA,NA,"Fri 12-3, Tue 3-6",19,NA
933,41.31,-81.08,"Sat 9-12, Sat 3-6",24,4
934,36.21,-80.69,"Wed 6-9, Tue 3-6, Wed 9-12",13,2
935,30.2,-91.6,"Thu 12-3, Fri 3-6, Sat 9-12",13,3
936,43.06,-76.14,"Sat 12-3, Wed 12-3",29,4
937,44.9,-94.4,"Tue 3-6, Tue 3-6, Fri 3-6",21,2
938,41.31,-84.02,"Fri 3-6, Sun 6-9, Thu 6-9",21,4
939,39.99,-76.51,"Wed 6-9, Fri 12-3",21,4
940,45.84,-86.663,"Thu 12-3, Sat 3-6",22,3
941,40.715,-74.004,"Sun 3-6, Sun 6-9, Fri 6-9",23,4
942,44.5,-89.3,"Tue 3-6, Sat 12-3",25,4
943,40.07,-75.21,"Thu 12-3, Wed 6-9, Fri 6-9",10,3
944,36.48,-95.02,"Tue 6-9, Fri 6-9, Sun 12-3",20,4
945,45.3,-68.7,"Thu 9-12, Tue 3-6",13,4
946,39.85,-84.34,"Sat 12-3, Sun 3-6, Sun 9-12",24,4
947,35.3,-81.3,"Sun 6-9, Wed 9-12",28,2
948,38.7,-84.9,"Sun 9-12, Thu 9-12, Mon 12-3",11,4
949,33,-105.9,"Thu 6-9, Thu 6-9, Tue 6-9",28,4
950,NA,NA,"Sun 6-9, Fri 3-6, Sun 9-12",17,NA
951,43.8,-104.6,"Mon 12-3, Sat 12-3",16,4
952,39.02,-94.69,"Sat 3-6, Fri 3-6, Sun 6-9",19,4
953,34.5,-86,"Tue 9-12, Wed 6-9, Sun 12-3",16,2
954,45.2,-92.4,"Sat 9-12, Tue 6-9, Sat 6-9",17,2
955,39.13,-123.66,"Wed 9-12, Sat 12-3, Mon 12-3",11,2
956,42.02,-80.34,"Wed 12-3, Sun 12-3",16,4
957,32.81,-97.1,"Sat 6-9, Wed 9-12",27,2
958,NA,NA,"Mon 3-6, Fri 9-12",22,NA
959,37.639,-77.832,"Mon 12-3, Fri 3-6, Thu 6-9",22,4
960,36.9,-103.7,"Sun 3-6, Sat 3-6",29,4
961,44.7,-117.2,"Fri 9-12, Tue 6-9",11,2
962,NA,NA,"Thu 9-12, Sun 12-3",16,NA
963,30.43,-91.02,"Thu 6-9, Sat 12-3, Mon 6-9",18,2
964,NA,NA,"Fri 12-3, Fri 9-12, Mon 6-9",17,NA
965,46.2,-84.8,"Sun 3-6, Wed 9-12",25,2
966,NA,NA,"Fri 6-9, Sun 3-6, Thu 9-12",13,NA
967,33.41,-84.3,"Mon 6-9, Thu 3-6, Sun 9-12",27,4
968,NA,NA,"Fri 6-9, Fri 3-6",18,NA
969,40.7,-92.9,"Thu 12-3, Sun 6-9",20,3
970,48.3,-99.5,"Thu 9-12, Sat 9-12, Wed 12-3",11,4
971,40.66,-75.76,"Wed 3-6, Sat 12-3",21,4
972,37.3,-87.1,"Sun 12-3, Mon 9-12",21,1
973,41.1,-103.1,"Fri 12-3, Mon 6-9, Wed 12-3",26,4
974,41.95,-88.1,"Wed 12-3, Sun 6-9",15,4
975,30.2,-91.01,"Sat 12-3, Sun 9-12",18,2
976,61.218,-149.858,"Tue 12-3, Tue 9-12, Sat 12-3",10,2
977,NA,NA,"Thu 12-3, Tue 6-9, Sat 6-9",26,NA
978,27.94,-82.52,"Wed 3-6, Thu 6-9, Sat 12-3",21,2
979,32.5,-85.3,"Mon 9-12, Sat 9-12, Sun 12-3",19,1
980,NA,NA,"Wed 6-9, Wed 3-6, Fri 3-6",22,NA
981,NA,NA,"Fri 3-6, Thu 6-9",29,NA
982,43.09,-78.27,"Tue 9-12, Thu 6-9",11,2
983,40.94,-90.31,"Wed 6-9, Wed 3-6, Sun 9-12",14,4
984,42.4,-97.45,"Mon 12-3, Mon 6-9, Wed 6-9",18,4
985,41.3,-78.5,"Thu 12-3, Tue 9-12, Tue 6-9",28,3
986,40.45,-79.99,"Sat 3-6, Tue 3-6, Mon 12-3",14,4
987,NA,NA,"Mon 6-9, Sun 9-12",30,NA
988,34.61,-87.01,"Tue 12-3, Thu 9-12, Fri 3-6",30,4
989,35.6,-105.7,"Sat 12-3, Fri 12-3",30,4
990,44.8,-72.3,"Mon 3-6, Wed 6-9",13,4
991,32.63,-90.63,"Sun 12-3, Mon 12-3",11,4
992,39.5,-81,"Sun 12-3, Fri 9-12, Fri 12-3",18,4
993,37.8,-100.7,"Tue 3-6, Tue 6-9, Fri 6-9",11,4
994,NA,NA,"Sat 12-3, Sun 3-6, Thu 6-9",27,NA
995,35.6,-88.6,"Mon 3-6, Thu 3-6, Sat 6-9",28,4
996,60,-169,"Tue 6-9, Sun 12-3",24,4
997,NA,NA,"Sat 6-9, Wed 9-12, Mon 9-12",27,NA
998,NA,NA,"Fri 6-9, Thu 3-6, Wed 12-3",26,NA
999,NA,NA,"Wed 6-9, Fri 3-6, Mon 9-12",23,NA
1000,36.03,-105.48,"Tue 3-6, Mon 9-12",30,1
